insert into t_province(id,p_name) values(1,'北京市');
insert into t_city(id,c_province_id,c_name) values(1,1,'北京市');
insert into t_area(id,a_city_id,a_name) values(1,1,'东城区');
insert into t_area(id,a_city_id,a_name) values(2,1,'西城区');
insert into t_area(id,a_city_id,a_name) values(3,1,'崇文区');
insert into t_area(id,a_city_id,a_name) values(4,1,'宣武区');
insert into t_area(id,a_city_id,a_name) values(5,1,'朝阳区');
insert into t_area(id,a_city_id,a_name) values(6,1,'丰台区');
insert into t_area(id,a_city_id,a_name) values(7,1,'石景山区');
insert into t_area(id,a_city_id,a_name) values(8,1,'海淀区');
insert into t_area(id,a_city_id,a_name) values(9,1,'门头沟区');
insert into t_area(id,a_city_id,a_name) values(10,1,'房山区');
insert into t_area(id,a_city_id,a_name) values(11,1,'通州区');
insert into t_area(id,a_city_id,a_name) values(12,1,'顺义区');
insert into t_area(id,a_city_id,a_name) values(13,1,'昌平区');
insert into t_area(id,a_city_id,a_name) values(14,1,'大兴区');
insert into t_area(id,a_city_id,a_name) values(15,1,'平谷区');
insert into t_area(id,a_city_id,a_name) values(16,1,'怀柔区');
insert into t_area(id,a_city_id,a_name) values(17,1,'密云县');
insert into t_area(id,a_city_id,a_name) values(18,1,'延庆县');
insert into t_province(id,p_name) values(2,'天津市');
insert into t_city(id,c_province_id,c_name) values(2,2,'天津市');
insert into t_area(id,a_city_id,a_name) values(19,2,'和平区');
insert into t_area(id,a_city_id,a_name) values(20,2,'河东区');
insert into t_area(id,a_city_id,a_name) values(21,2,'河西区');
insert into t_area(id,a_city_id,a_name) values(22,2,'南开区');
insert into t_area(id,a_city_id,a_name) values(23,2,'河北区');
insert into t_area(id,a_city_id,a_name) values(24,2,'红桥区');
insert into t_area(id,a_city_id,a_name) values(25,2,'塘沽区');
insert into t_area(id,a_city_id,a_name) values(26,2,'汉沽区');
insert into t_area(id,a_city_id,a_name) values(27,2,'大港区');
insert into t_area(id,a_city_id,a_name) values(28,2,'东丽区');
insert into t_area(id,a_city_id,a_name) values(29,2,'西青区');
insert into t_area(id,a_city_id,a_name) values(30,2,'津南区');
insert into t_area(id,a_city_id,a_name) values(31,2,'北辰区');
insert into t_area(id,a_city_id,a_name) values(32,2,'武清区');
insert into t_area(id,a_city_id,a_name) values(33,2,'宝坻区');
insert into t_area(id,a_city_id,a_name) values(34,2,'宁河县');
insert into t_area(id,a_city_id,a_name) values(35,2,'静海县');
insert into t_area(id,a_city_id,a_name) values(36,2,'蓟  县');
insert into t_province(id,p_name) values(3,'河北省');
insert into t_city(id,c_province_id,c_name) values(3,3,'石家庄市');
insert into t_area(id,a_city_id,a_name) values(37,3,'长安区');
insert into t_area(id,a_city_id,a_name) values(38,3,'桥东区');
insert into t_area(id,a_city_id,a_name) values(39,3,'桥西区');
insert into t_area(id,a_city_id,a_name) values(40,3,'新华区');
insert into t_area(id,a_city_id,a_name) values(41,3,'郊  区');
insert into t_area(id,a_city_id,a_name) values(42,3,'井陉矿区');
insert into t_area(id,a_city_id,a_name) values(43,3,'井陉县');
insert into t_area(id,a_city_id,a_name) values(44,3,'正定县');
insert into t_area(id,a_city_id,a_name) values(45,3,'栾城县');
insert into t_area(id,a_city_id,a_name) values(46,3,'行唐县');
insert into t_area(id,a_city_id,a_name) values(47,3,'灵寿县');
insert into t_area(id,a_city_id,a_name) values(48,3,'高邑县');
insert into t_area(id,a_city_id,a_name) values(49,3,'深泽县');
insert into t_area(id,a_city_id,a_name) values(50,3,'赞皇县');
insert into t_area(id,a_city_id,a_name) values(51,3,'无极县');
insert into t_area(id,a_city_id,a_name) values(52,3,'平山县');
insert into t_area(id,a_city_id,a_name) values(53,3,'元氏县');
insert into t_area(id,a_city_id,a_name) values(54,3,'赵  县');
insert into t_area(id,a_city_id,a_name) values(55,3,'辛集市');
insert into t_area(id,a_city_id,a_name) values(56,3,'藁城市');
insert into t_area(id,a_city_id,a_name) values(57,3,'晋州市');
insert into t_area(id,a_city_id,a_name) values(58,3,'新乐市');
insert into t_area(id,a_city_id,a_name) values(59,3,'鹿泉市');
insert into t_city(id,c_province_id,c_name) values(4,3,'唐山市');
insert into t_area(id,a_city_id,a_name) values(60,4,'路南区');
insert into t_area(id,a_city_id,a_name) values(61,4,'路北区');
insert into t_area(id,a_city_id,a_name) values(62,4,'古冶区');
insert into t_area(id,a_city_id,a_name) values(63,4,'开平区');
insert into t_area(id,a_city_id,a_name) values(64,4,'新  区');
insert into t_area(id,a_city_id,a_name) values(65,4,'丰润县');
insert into t_area(id,a_city_id,a_name) values(66,4,'滦  县');
insert into t_area(id,a_city_id,a_name) values(67,4,'滦南县');
insert into t_area(id,a_city_id,a_name) values(68,4,'乐亭县');
insert into t_area(id,a_city_id,a_name) values(69,4,'迁西县');
insert into t_area(id,a_city_id,a_name) values(70,4,'玉田县');
insert into t_area(id,a_city_id,a_name) values(71,4,'唐海县');
insert into t_area(id,a_city_id,a_name) values(72,4,'遵化市');
insert into t_area(id,a_city_id,a_name) values(73,4,'丰南市');
insert into t_area(id,a_city_id,a_name) values(74,4,'迁安市');
insert into t_city(id,c_province_id,c_name) values(5,3,'秦皇岛市');
insert into t_area(id,a_city_id,a_name) values(75,5,'海港区');
insert into t_area(id,a_city_id,a_name) values(76,5,'山海关区');
insert into t_area(id,a_city_id,a_name) values(77,5,'北戴河区');
insert into t_area(id,a_city_id,a_name) values(78,5,'青龙满族自治县');
insert into t_area(id,a_city_id,a_name) values(79,5,'昌黎县');
insert into t_area(id,a_city_id,a_name) values(80,5,'抚宁县');
insert into t_area(id,a_city_id,a_name) values(81,5,'卢龙县');
insert into t_city(id,c_province_id,c_name) values(6,3,'邯郸市');
insert into t_area(id,a_city_id,a_name) values(82,6,'邯山区');
insert into t_area(id,a_city_id,a_name) values(83,6,'丛台区');
insert into t_area(id,a_city_id,a_name) values(84,6,'复兴区');
insert into t_area(id,a_city_id,a_name) values(85,6,'峰峰矿区');
insert into t_area(id,a_city_id,a_name) values(86,6,'邯郸县');
insert into t_area(id,a_city_id,a_name) values(87,6,'临漳县');
insert into t_area(id,a_city_id,a_name) values(88,6,'成安县');
insert into t_area(id,a_city_id,a_name) values(89,6,'大名县');
insert into t_area(id,a_city_id,a_name) values(90,6,'涉  县');
insert into t_area(id,a_city_id,a_name) values(91,6,'磁  县');
insert into t_area(id,a_city_id,a_name) values(92,6,'肥乡县');
insert into t_area(id,a_city_id,a_name) values(93,6,'永年县');
insert into t_area(id,a_city_id,a_name) values(94,6,'邱  县');
insert into t_area(id,a_city_id,a_name) values(95,6,'鸡泽县');
insert into t_area(id,a_city_id,a_name) values(96,6,'广平县');
insert into t_area(id,a_city_id,a_name) values(97,6,'馆陶县');
insert into t_area(id,a_city_id,a_name) values(98,6,'魏  县');
insert into t_area(id,a_city_id,a_name) values(99,6,'曲周县');
insert into t_area(id,a_city_id,a_name) values(100,6,'武安市');
insert into t_city(id,c_province_id,c_name) values(7,3,'邢台市');
insert into t_area(id,a_city_id,a_name) values(101,7,'桥东区');
insert into t_area(id,a_city_id,a_name) values(102,7,'桥西区');
insert into t_area(id,a_city_id,a_name) values(103,7,'邢台县');
insert into t_area(id,a_city_id,a_name) values(104,7,'临城县');
insert into t_area(id,a_city_id,a_name) values(105,7,'内丘县');
insert into t_area(id,a_city_id,a_name) values(106,7,'柏乡县');
insert into t_area(id,a_city_id,a_name) values(107,7,'隆尧县');
insert into t_area(id,a_city_id,a_name) values(108,7,'任  县');
insert into t_area(id,a_city_id,a_name) values(109,7,'南和县');
insert into t_area(id,a_city_id,a_name) values(110,7,'宁晋县');
insert into t_area(id,a_city_id,a_name) values(111,7,'巨鹿县');
insert into t_area(id,a_city_id,a_name) values(112,7,'新河县');
insert into t_area(id,a_city_id,a_name) values(113,7,'广宗县');
insert into t_area(id,a_city_id,a_name) values(114,7,'平乡县');
insert into t_area(id,a_city_id,a_name) values(115,7,'威  县');
insert into t_area(id,a_city_id,a_name) values(116,7,'清河县');
insert into t_area(id,a_city_id,a_name) values(117,7,'临西县');
insert into t_area(id,a_city_id,a_name) values(118,7,'南宫市');
insert into t_area(id,a_city_id,a_name) values(119,7,'沙河市');
insert into t_city(id,c_province_id,c_name) values(8,3,'保定市');
insert into t_area(id,a_city_id,a_name) values(120,8,'新市区');
insert into t_area(id,a_city_id,a_name) values(121,8,'北市区');
insert into t_area(id,a_city_id,a_name) values(122,8,'南市区');
insert into t_area(id,a_city_id,a_name) values(123,8,'满城县');
insert into t_area(id,a_city_id,a_name) values(124,8,'清苑县');
insert into t_area(id,a_city_id,a_name) values(125,8,'涞水县');
insert into t_area(id,a_city_id,a_name) values(126,8,'阜平县');
insert into t_area(id,a_city_id,a_name) values(127,8,'徐水县');
insert into t_area(id,a_city_id,a_name) values(128,8,'定兴县');
insert into t_area(id,a_city_id,a_name) values(129,8,'唐  县');
insert into t_area(id,a_city_id,a_name) values(130,8,'高阳县');
insert into t_area(id,a_city_id,a_name) values(131,8,'容城县');
insert into t_area(id,a_city_id,a_name) values(132,8,'涞源县');
insert into t_area(id,a_city_id,a_name) values(133,8,'望都县');
insert into t_area(id,a_city_id,a_name) values(134,8,'安新县');
insert into t_area(id,a_city_id,a_name) values(135,8,'易  县');
insert into t_area(id,a_city_id,a_name) values(136,8,'曲阳县');
insert into t_area(id,a_city_id,a_name) values(137,8,'蠡  县');
insert into t_area(id,a_city_id,a_name) values(138,8,'顺平县');
insert into t_area(id,a_city_id,a_name) values(139,8,'博野县');
insert into t_area(id,a_city_id,a_name) values(140,8,'雄  县');
insert into t_area(id,a_city_id,a_name) values(141,8,'涿州市');
insert into t_area(id,a_city_id,a_name) values(142,8,'定州市');
insert into t_area(id,a_city_id,a_name) values(143,8,'安国市');
insert into t_area(id,a_city_id,a_name) values(144,8,'高碑店市');
insert into t_city(id,c_province_id,c_name) values(9,3,'张家口市');
insert into t_area(id,a_city_id,a_name) values(145,9,'桥东区');
insert into t_area(id,a_city_id,a_name) values(146,9,'桥西区');
insert into t_area(id,a_city_id,a_name) values(147,9,'宣化区');
insert into t_area(id,a_city_id,a_name) values(148,9,'下花园区');
insert into t_area(id,a_city_id,a_name) values(149,9,'宣化县');
insert into t_area(id,a_city_id,a_name) values(150,9,'张北县');
insert into t_area(id,a_city_id,a_name) values(151,9,'康保县');
insert into t_area(id,a_city_id,a_name) values(152,9,'沽源县');
insert into t_area(id,a_city_id,a_name) values(153,9,'尚义县');
insert into t_area(id,a_city_id,a_name) values(154,9,'蔚  县');
insert into t_area(id,a_city_id,a_name) values(155,9,'阳原县');
insert into t_area(id,a_city_id,a_name) values(156,9,'怀安县');
insert into t_area(id,a_city_id,a_name) values(157,9,'万全县');
insert into t_area(id,a_city_id,a_name) values(158,9,'怀来县');
insert into t_area(id,a_city_id,a_name) values(159,9,'涿鹿县');
insert into t_area(id,a_city_id,a_name) values(160,9,'赤城县');
insert into t_area(id,a_city_id,a_name) values(161,9,'崇礼县');
insert into t_city(id,c_province_id,c_name) values(10,3,'承德市');
insert into t_area(id,a_city_id,a_name) values(162,10,'双桥区');
insert into t_area(id,a_city_id,a_name) values(163,10,'双滦区');
insert into t_area(id,a_city_id,a_name) values(164,10,'鹰手营子矿区');
insert into t_area(id,a_city_id,a_name) values(165,10,'承德县');
insert into t_area(id,a_city_id,a_name) values(166,10,'兴隆县');
insert into t_area(id,a_city_id,a_name) values(167,10,'平泉县');
insert into t_area(id,a_city_id,a_name) values(168,10,'滦平县');
insert into t_area(id,a_city_id,a_name) values(169,10,'隆化县');
insert into t_area(id,a_city_id,a_name) values(170,10,'丰宁满族自治县');
insert into t_area(id,a_city_id,a_name) values(171,10,'宽城满族自治县');
insert into t_area(id,a_city_id,a_name) values(172,10,'围场满族蒙古族自治县');
insert into t_city(id,c_province_id,c_name) values(11,3,'沧州市');
insert into t_area(id,a_city_id,a_name) values(173,11,'新华区');
insert into t_area(id,a_city_id,a_name) values(174,11,'运河区');
insert into t_area(id,a_city_id,a_name) values(175,11,'沧  县');
insert into t_area(id,a_city_id,a_name) values(176,11,'青  县');
insert into t_area(id,a_city_id,a_name) values(177,11,'东光县');
insert into t_area(id,a_city_id,a_name) values(178,11,'海兴县');
insert into t_area(id,a_city_id,a_name) values(179,11,'盐山县');
insert into t_area(id,a_city_id,a_name) values(180,11,'肃宁县');
insert into t_area(id,a_city_id,a_name) values(181,11,'南皮县');
insert into t_area(id,a_city_id,a_name) values(182,11,'吴桥县');
insert into t_area(id,a_city_id,a_name) values(183,11,'献  县');
insert into t_area(id,a_city_id,a_name) values(184,11,'孟村回族自治县');
insert into t_area(id,a_city_id,a_name) values(185,11,'泊头市');
insert into t_area(id,a_city_id,a_name) values(186,11,'任丘市');
insert into t_area(id,a_city_id,a_name) values(187,11,'黄骅市');
insert into t_area(id,a_city_id,a_name) values(188,11,'河间市');
insert into t_city(id,c_province_id,c_name) values(12,3,'廊坊市');
insert into t_area(id,a_city_id,a_name) values(189,12,'安次区');
insert into t_area(id,a_city_id,a_name) values(190,12,'固安县');
insert into t_area(id,a_city_id,a_name) values(191,12,'永清县');
insert into t_area(id,a_city_id,a_name) values(192,12,'香河县');
insert into t_area(id,a_city_id,a_name) values(193,12,'大城县');
insert into t_area(id,a_city_id,a_name) values(194,12,'文安县');
insert into t_area(id,a_city_id,a_name) values(195,12,'大厂回族自治县');
insert into t_area(id,a_city_id,a_name) values(196,12,'霸州市');
insert into t_area(id,a_city_id,a_name) values(197,12,'三河市');
insert into t_city(id,c_province_id,c_name) values(13,3,'衡水市');
insert into t_area(id,a_city_id,a_name) values(198,13,'桃城区');
insert into t_area(id,a_city_id,a_name) values(199,13,'枣强县');
insert into t_area(id,a_city_id,a_name) values(200,13,'武邑县');
insert into t_area(id,a_city_id,a_name) values(201,13,'武强县');
insert into t_area(id,a_city_id,a_name) values(202,13,'饶阳县');
insert into t_area(id,a_city_id,a_name) values(203,13,'安平县');
insert into t_area(id,a_city_id,a_name) values(204,13,'故城县');
insert into t_area(id,a_city_id,a_name) values(205,13,'景  县');
insert into t_area(id,a_city_id,a_name) values(206,13,'阜城县');
insert into t_area(id,a_city_id,a_name) values(207,13,'冀州市');
insert into t_area(id,a_city_id,a_name) values(208,13,'深州市');
insert into t_province(id,p_name) values(4,'山西省');
insert into t_city(id,c_province_id,c_name) values(14,4,'太原市');
insert into t_area(id,a_city_id,a_name) values(209,14,'小店区');
insert into t_area(id,a_city_id,a_name) values(210,14,'迎泽区');
insert into t_area(id,a_city_id,a_name) values(211,14,'杏花岭区');
insert into t_area(id,a_city_id,a_name) values(212,14,'尖草坪区');
insert into t_area(id,a_city_id,a_name) values(213,14,'万柏林区');
insert into t_area(id,a_city_id,a_name) values(214,14,'晋源区');
insert into t_area(id,a_city_id,a_name) values(215,14,'清徐县');
insert into t_area(id,a_city_id,a_name) values(216,14,'阳曲县');
insert into t_area(id,a_city_id,a_name) values(217,14,'娄烦县');
insert into t_area(id,a_city_id,a_name) values(218,14,'古交市');
insert into t_city(id,c_province_id,c_name) values(15,4,'大同市');
insert into t_area(id,a_city_id,a_name) values(219,15,'城  区');
insert into t_area(id,a_city_id,a_name) values(220,15,'矿  区');
insert into t_area(id,a_city_id,a_name) values(221,15,'南郊区');
insert into t_area(id,a_city_id,a_name) values(222,15,'新荣区');
insert into t_area(id,a_city_id,a_name) values(223,15,'阳高县');
insert into t_area(id,a_city_id,a_name) values(224,15,'天镇县');
insert into t_area(id,a_city_id,a_name) values(225,15,'广灵县');
insert into t_area(id,a_city_id,a_name) values(226,15,'灵丘县');
insert into t_area(id,a_city_id,a_name) values(227,15,'浑源县');
insert into t_area(id,a_city_id,a_name) values(228,15,'左云县');
insert into t_area(id,a_city_id,a_name) values(229,15,'大同县');
insert into t_city(id,c_province_id,c_name) values(16,4,'阳泉市');
insert into t_area(id,a_city_id,a_name) values(230,16,'城  区');
insert into t_area(id,a_city_id,a_name) values(231,16,'矿  区');
insert into t_area(id,a_city_id,a_name) values(232,16,'郊  区');
insert into t_area(id,a_city_id,a_name) values(233,16,'平定县');
insert into t_area(id,a_city_id,a_name) values(234,16,'盂  县');
insert into t_city(id,c_province_id,c_name) values(17,4,'长治市');
insert into t_area(id,a_city_id,a_name) values(235,17,'城  区');
insert into t_area(id,a_city_id,a_name) values(236,17,'郊  区');
insert into t_area(id,a_city_id,a_name) values(237,17,'长治县');
insert into t_area(id,a_city_id,a_name) values(238,17,'襄垣县');
insert into t_area(id,a_city_id,a_name) values(239,17,'屯留县');
insert into t_area(id,a_city_id,a_name) values(240,17,'平顺县');
insert into t_area(id,a_city_id,a_name) values(241,17,'黎城县');
insert into t_area(id,a_city_id,a_name) values(242,17,'壶关县');
insert into t_area(id,a_city_id,a_name) values(243,17,'长子县');
insert into t_area(id,a_city_id,a_name) values(244,17,'武乡县');
insert into t_area(id,a_city_id,a_name) values(245,17,'沁  县');
insert into t_area(id,a_city_id,a_name) values(246,17,'沁源县');
insert into t_area(id,a_city_id,a_name) values(247,17,'潞城市');
insert into t_city(id,c_province_id,c_name) values(18,4,'晋城市');
insert into t_area(id,a_city_id,a_name) values(248,18,'城  区');
insert into t_area(id,a_city_id,a_name) values(249,18,'沁水县');
insert into t_area(id,a_city_id,a_name) values(250,18,'阳城县');
insert into t_area(id,a_city_id,a_name) values(251,18,'陵川县');
insert into t_area(id,a_city_id,a_name) values(252,18,'泽州县');
insert into t_area(id,a_city_id,a_name) values(253,18,'高平市');
insert into t_city(id,c_province_id,c_name) values(19,4,'朔州市');
insert into t_area(id,a_city_id,a_name) values(254,19,'朔城区');
insert into t_area(id,a_city_id,a_name) values(255,19,'平鲁区');
insert into t_area(id,a_city_id,a_name) values(256,19,'山阴县');
insert into t_area(id,a_city_id,a_name) values(257,19,'应  县');
insert into t_area(id,a_city_id,a_name) values(258,19,'右玉县');
insert into t_area(id,a_city_id,a_name) values(259,19,'怀仁县');
insert into t_city(id,c_province_id,c_name) values(20,4,'忻州市');
insert into t_area(id,a_city_id,a_name) values(260,20,'忻府区');
insert into t_area(id,a_city_id,a_name) values(261,20,'原平市');
insert into t_area(id,a_city_id,a_name) values(262,20,'定襄县');
insert into t_area(id,a_city_id,a_name) values(263,20,'五台县');
insert into t_area(id,a_city_id,a_name) values(264,20,'代  县');
insert into t_area(id,a_city_id,a_name) values(265,20,'繁峙县');
insert into t_area(id,a_city_id,a_name) values(266,20,'宁武县');
insert into t_area(id,a_city_id,a_name) values(267,20,'静乐县');
insert into t_area(id,a_city_id,a_name) values(268,20,'神池县');
insert into t_area(id,a_city_id,a_name) values(269,20,'五寨县');
insert into t_area(id,a_city_id,a_name) values(270,20,'岢岚县');
insert into t_area(id,a_city_id,a_name) values(271,20,'河曲县');
insert into t_area(id,a_city_id,a_name) values(272,20,'保德县');
insert into t_area(id,a_city_id,a_name) values(273,20,'偏关县');
insert into t_city(id,c_province_id,c_name) values(21,4,'吕梁市');
insert into t_area(id,a_city_id,a_name) values(274,21,'离石区');
insert into t_area(id,a_city_id,a_name) values(275,21,'孝义市');
insert into t_area(id,a_city_id,a_name) values(276,21,'汾阳市');
insert into t_area(id,a_city_id,a_name) values(277,21,'文水县');
insert into t_area(id,a_city_id,a_name) values(278,21,'交城县');
insert into t_area(id,a_city_id,a_name) values(279,21,'兴  县');
insert into t_area(id,a_city_id,a_name) values(280,21,'临  县');
insert into t_area(id,a_city_id,a_name) values(281,21,'柳林县');
insert into t_area(id,a_city_id,a_name) values(282,21,'石楼县');
insert into t_area(id,a_city_id,a_name) values(283,21,'岚  县');
insert into t_area(id,a_city_id,a_name) values(284,21,'方山县');
insert into t_area(id,a_city_id,a_name) values(285,21,'中阳县');
insert into t_area(id,a_city_id,a_name) values(286,21,'交口县');
insert into t_city(id,c_province_id,c_name) values(22,4,'晋中市');
insert into t_area(id,a_city_id,a_name) values(287,22,'榆次市');
insert into t_area(id,a_city_id,a_name) values(288,22,'介休市');
insert into t_area(id,a_city_id,a_name) values(289,22,'榆社县');
insert into t_area(id,a_city_id,a_name) values(290,22,'左权县');
insert into t_area(id,a_city_id,a_name) values(291,22,'和顺县');
insert into t_area(id,a_city_id,a_name) values(292,22,'昔阳县');
insert into t_area(id,a_city_id,a_name) values(293,22,'寿阳县');
insert into t_area(id,a_city_id,a_name) values(294,22,'太谷县');
insert into t_area(id,a_city_id,a_name) values(295,22,'祁  县');
insert into t_area(id,a_city_id,a_name) values(296,22,'平遥县');
insert into t_area(id,a_city_id,a_name) values(297,22,'灵石县');
insert into t_city(id,c_province_id,c_name) values(23,4,'临汾市');
insert into t_area(id,a_city_id,a_name) values(298,23,'临汾市');
insert into t_area(id,a_city_id,a_name) values(299,23,'侯马市');
insert into t_area(id,a_city_id,a_name) values(300,23,'霍州市');
insert into t_area(id,a_city_id,a_name) values(301,23,'曲沃县');
insert into t_area(id,a_city_id,a_name) values(302,23,'翼城县');
insert into t_area(id,a_city_id,a_name) values(303,23,'襄汾县');
insert into t_area(id,a_city_id,a_name) values(304,23,'洪洞县');
insert into t_area(id,a_city_id,a_name) values(305,23,'古  县');
insert into t_area(id,a_city_id,a_name) values(306,23,'安泽县');
insert into t_area(id,a_city_id,a_name) values(307,23,'浮山县');
insert into t_area(id,a_city_id,a_name) values(308,23,'吉  县');
insert into t_area(id,a_city_id,a_name) values(309,23,'乡宁县');
insert into t_area(id,a_city_id,a_name) values(310,23,'蒲  县');
insert into t_area(id,a_city_id,a_name) values(311,23,'大宁县');
insert into t_area(id,a_city_id,a_name) values(312,23,'永和县');
insert into t_area(id,a_city_id,a_name) values(313,23,'隰  县');
insert into t_area(id,a_city_id,a_name) values(314,23,'汾西县');
insert into t_city(id,c_province_id,c_name) values(24,4,'运城市');
insert into t_area(id,a_city_id,a_name) values(315,24,'运城市');
insert into t_area(id,a_city_id,a_name) values(316,24,'永济市');
insert into t_area(id,a_city_id,a_name) values(317,24,'河津市');
insert into t_area(id,a_city_id,a_name) values(318,24,'芮城县');
insert into t_area(id,a_city_id,a_name) values(319,24,'临猗县');
insert into t_area(id,a_city_id,a_name) values(320,24,'万荣县');
insert into t_area(id,a_city_id,a_name) values(321,24,'新绛县');
insert into t_area(id,a_city_id,a_name) values(322,24,'稷山县');
insert into t_area(id,a_city_id,a_name) values(323,24,'闻喜县');
insert into t_area(id,a_city_id,a_name) values(324,24,'夏  县');
insert into t_area(id,a_city_id,a_name) values(325,24,'绛  县');
insert into t_area(id,a_city_id,a_name) values(326,24,'平陆县');
insert into t_area(id,a_city_id,a_name) values(327,24,'垣曲县');
insert into t_province(id,p_name) values(5,'内蒙古');
insert into t_city(id,c_province_id,c_name) values(25,5,'呼和浩特市');
insert into t_area(id,a_city_id,a_name) values(328,25,'新城区');
insert into t_area(id,a_city_id,a_name) values(329,25,'回民区');
insert into t_area(id,a_city_id,a_name) values(330,25,'玉泉区');
insert into t_area(id,a_city_id,a_name) values(331,25,'郊  区');
insert into t_area(id,a_city_id,a_name) values(332,25,'土默特左旗');
insert into t_area(id,a_city_id,a_name) values(333,25,'托克托县');
insert into t_area(id,a_city_id,a_name) values(334,25,'和林格尔县');
insert into t_area(id,a_city_id,a_name) values(335,25,'清水河县');
insert into t_area(id,a_city_id,a_name) values(336,25,'武川县');
insert into t_city(id,c_province_id,c_name) values(26,5,'包头市');
insert into t_area(id,a_city_id,a_name) values(337,26,'东河区');
insert into t_area(id,a_city_id,a_name) values(338,26,'昆都伦区');
insert into t_area(id,a_city_id,a_name) values(339,26,'青山区');
insert into t_area(id,a_city_id,a_name) values(340,26,'石拐矿区');
insert into t_area(id,a_city_id,a_name) values(341,26,'白云矿区');
insert into t_area(id,a_city_id,a_name) values(342,26,'郊  区');
insert into t_area(id,a_city_id,a_name) values(343,26,'土默特右旗');
insert into t_area(id,a_city_id,a_name) values(344,26,'固阳县');
insert into t_area(id,a_city_id,a_name) values(345,26,'达尔罕茂明安联合旗');
insert into t_city(id,c_province_id,c_name) values(27,5,'乌海市');
insert into t_area(id,a_city_id,a_name) values(346,27,'海勃湾区');
insert into t_area(id,a_city_id,a_name) values(347,27,'海南区');
insert into t_area(id,a_city_id,a_name) values(348,27,'乌达区');
insert into t_city(id,c_province_id,c_name) values(28,5,'赤峰市');
insert into t_area(id,a_city_id,a_name) values(349,28,'红山区');
insert into t_area(id,a_city_id,a_name) values(350,28,'元宝山区');
insert into t_area(id,a_city_id,a_name) values(351,28,'松山区');
insert into t_area(id,a_city_id,a_name) values(352,28,'阿鲁科尔沁旗');
insert into t_area(id,a_city_id,a_name) values(353,28,'巴林左旗');
insert into t_area(id,a_city_id,a_name) values(354,28,'巴林右旗');
insert into t_area(id,a_city_id,a_name) values(355,28,'林西县');
insert into t_area(id,a_city_id,a_name) values(356,28,'克什克腾旗');
insert into t_area(id,a_city_id,a_name) values(357,28,'翁牛特旗');
insert into t_area(id,a_city_id,a_name) values(358,28,'喀喇沁旗');
insert into t_area(id,a_city_id,a_name) values(359,28,'宁城县');
insert into t_area(id,a_city_id,a_name) values(360,28,'敖汉旗');
insert into t_city(id,c_province_id,c_name) values(29,5,'呼伦贝尔市');
insert into t_area(id,a_city_id,a_name) values(361,29,'海拉尔市');
insert into t_area(id,a_city_id,a_name) values(362,29,'满洲里市');
insert into t_area(id,a_city_id,a_name) values(363,29,'扎兰屯市');
insert into t_area(id,a_city_id,a_name) values(364,29,'牙克石市');
insert into t_area(id,a_city_id,a_name) values(365,29,'根河市');
insert into t_area(id,a_city_id,a_name) values(366,29,'额尔古纳市');
insert into t_area(id,a_city_id,a_name) values(367,29,'阿荣旗');
insert into t_area(id,a_city_id,a_name) values(368,29,'莫力达瓦达斡尔族自治旗');
insert into t_area(id,a_city_id,a_name) values(369,29,'鄂伦春自治旗');
insert into t_area(id,a_city_id,a_name) values(370,29,'鄂温克族自治旗');
insert into t_area(id,a_city_id,a_name) values(371,29,'新巴尔虎右旗');
insert into t_area(id,a_city_id,a_name) values(372,29,'新巴尔虎左旗');
insert into t_area(id,a_city_id,a_name) values(373,29,'陈巴尔虎旗');
insert into t_city(id,c_province_id,c_name) values(30,5,'兴安盟');
insert into t_area(id,a_city_id,a_name) values(374,30,'乌兰浩特市');
insert into t_area(id,a_city_id,a_name) values(375,30,'阿尔山市');
insert into t_area(id,a_city_id,a_name) values(376,30,'科尔沁右翼前旗');
insert into t_area(id,a_city_id,a_name) values(377,30,'科尔沁右翼中旗');
insert into t_area(id,a_city_id,a_name) values(378,30,'扎赉特旗');
insert into t_area(id,a_city_id,a_name) values(379,30,'突泉县');
insert into t_city(id,c_province_id,c_name) values(31,5,'通辽市');
insert into t_area(id,a_city_id,a_name) values(380,31,'科尔沁区');
insert into t_area(id,a_city_id,a_name) values(381,31,'霍林郭勒市');
insert into t_area(id,a_city_id,a_name) values(382,31,'科尔沁左翼中旗');
insert into t_area(id,a_city_id,a_name) values(383,31,'科尔沁左翼后旗');
insert into t_area(id,a_city_id,a_name) values(384,31,'开鲁县');
insert into t_area(id,a_city_id,a_name) values(385,31,'库伦旗');
insert into t_area(id,a_city_id,a_name) values(386,31,'奈曼旗');
insert into t_area(id,a_city_id,a_name) values(387,31,'扎鲁特旗');
insert into t_city(id,c_province_id,c_name) values(32,5,'锡林郭勒盟');
insert into t_area(id,a_city_id,a_name) values(388,32,'二连浩特市');
insert into t_area(id,a_city_id,a_name) values(389,32,'锡林浩特市');
insert into t_area(id,a_city_id,a_name) values(390,32,'阿巴嘎旗');
insert into t_area(id,a_city_id,a_name) values(391,32,'苏尼特左旗');
insert into t_area(id,a_city_id,a_name) values(392,32,'苏尼特右旗');
insert into t_area(id,a_city_id,a_name) values(393,32,'东乌珠穆沁旗');
insert into t_area(id,a_city_id,a_name) values(394,32,'西乌珠穆沁旗');
insert into t_area(id,a_city_id,a_name) values(395,32,'太仆寺旗');
insert into t_area(id,a_city_id,a_name) values(396,32,'镶黄旗');
insert into t_area(id,a_city_id,a_name) values(397,32,'正镶白旗');
insert into t_area(id,a_city_id,a_name) values(398,32,'正蓝旗');
insert into t_area(id,a_city_id,a_name) values(399,32,'多伦县');
insert into t_city(id,c_province_id,c_name) values(33,5,'乌兰察布盟');
insert into t_area(id,a_city_id,a_name) values(400,33,'集宁市');
insert into t_area(id,a_city_id,a_name) values(401,33,'丰镇市');
insert into t_area(id,a_city_id,a_name) values(402,33,'卓资县');
insert into t_area(id,a_city_id,a_name) values(403,33,'化德县');
insert into t_area(id,a_city_id,a_name) values(404,33,'商都县');
insert into t_area(id,a_city_id,a_name) values(405,33,'兴和县');
insert into t_area(id,a_city_id,a_name) values(406,33,'凉城县');
insert into t_area(id,a_city_id,a_name) values(407,33,'察哈尔右翼前旗');
insert into t_area(id,a_city_id,a_name) values(408,33,'察哈尔右翼中旗');
insert into t_area(id,a_city_id,a_name) values(409,33,'察哈尔右翼后旗');
insert into t_area(id,a_city_id,a_name) values(410,33,'四子王旗');
insert into t_city(id,c_province_id,c_name) values(34,5,'伊克昭盟');
insert into t_area(id,a_city_id,a_name) values(411,34,'东胜市');
insert into t_area(id,a_city_id,a_name) values(412,34,'达拉特旗');
insert into t_area(id,a_city_id,a_name) values(413,34,'准格尔旗');
insert into t_area(id,a_city_id,a_name) values(414,34,'鄂托克前旗');
insert into t_area(id,a_city_id,a_name) values(415,34,'鄂托克旗');
insert into t_area(id,a_city_id,a_name) values(416,34,'杭锦旗');
insert into t_area(id,a_city_id,a_name) values(417,34,'乌审旗');
insert into t_area(id,a_city_id,a_name) values(418,34,'伊金霍洛旗');
insert into t_city(id,c_province_id,c_name) values(35,5,'巴彦淖尔盟');
insert into t_area(id,a_city_id,a_name) values(419,35,'临河市');
insert into t_area(id,a_city_id,a_name) values(420,35,'五原县');
insert into t_area(id,a_city_id,a_name) values(421,35,'磴口县');
insert into t_area(id,a_city_id,a_name) values(422,35,'乌拉特前旗');
insert into t_area(id,a_city_id,a_name) values(423,35,'乌拉特中旗');
insert into t_area(id,a_city_id,a_name) values(424,35,'乌拉特后旗');
insert into t_area(id,a_city_id,a_name) values(425,35,'杭锦后旗');
insert into t_city(id,c_province_id,c_name) values(36,5,'阿拉善盟');
insert into t_area(id,a_city_id,a_name) values(426,36,'阿拉善左旗');
insert into t_area(id,a_city_id,a_name) values(427,36,'阿拉善右旗');
insert into t_area(id,a_city_id,a_name) values(428,36,'额济纳旗');
insert into t_province(id,p_name) values(6,'辽宁省');
insert into t_city(id,c_province_id,c_name) values(37,6,'沈阳市');
insert into t_area(id,a_city_id,a_name) values(429,37,'和平区');
insert into t_area(id,a_city_id,a_name) values(430,37,'沈河区');
insert into t_area(id,a_city_id,a_name) values(431,37,'大东区');
insert into t_area(id,a_city_id,a_name) values(432,37,'皇姑区');
insert into t_area(id,a_city_id,a_name) values(433,37,'铁西区');
insert into t_area(id,a_city_id,a_name) values(434,37,'苏家屯区');
insert into t_area(id,a_city_id,a_name) values(435,37,'东陵区');
insert into t_area(id,a_city_id,a_name) values(436,37,'新城子区');
insert into t_area(id,a_city_id,a_name) values(437,37,'于洪区');
insert into t_area(id,a_city_id,a_name) values(438,37,'辽中县');
insert into t_area(id,a_city_id,a_name) values(439,37,'康平县');
insert into t_area(id,a_city_id,a_name) values(440,37,'法库县');
insert into t_area(id,a_city_id,a_name) values(441,37,'新民市');
insert into t_city(id,c_province_id,c_name) values(38,6,'大连市');
insert into t_area(id,a_city_id,a_name) values(442,38,'中山区');
insert into t_area(id,a_city_id,a_name) values(443,38,'西岗区');
insert into t_area(id,a_city_id,a_name) values(444,38,'沙河口区');
insert into t_area(id,a_city_id,a_name) values(445,38,'甘井子区');
insert into t_area(id,a_city_id,a_name) values(446,38,'旅顺口区');
insert into t_area(id,a_city_id,a_name) values(447,38,'金州区');
insert into t_area(id,a_city_id,a_name) values(448,38,'长海县');
insert into t_area(id,a_city_id,a_name) values(449,38,'瓦房店市');
insert into t_area(id,a_city_id,a_name) values(450,38,'普兰店市');
insert into t_area(id,a_city_id,a_name) values(451,38,'庄河市');
insert into t_city(id,c_province_id,c_name) values(39,6,'鞍山市');
insert into t_area(id,a_city_id,a_name) values(452,39,'铁东区');
insert into t_area(id,a_city_id,a_name) values(453,39,'铁西区');
insert into t_area(id,a_city_id,a_name) values(454,39,'立山区');
insert into t_area(id,a_city_id,a_name) values(455,39,'千山区');
insert into t_area(id,a_city_id,a_name) values(456,39,'台安县');
insert into t_area(id,a_city_id,a_name) values(457,39,'岫岩满族自治县');
insert into t_area(id,a_city_id,a_name) values(458,39,'海城市');
insert into t_city(id,c_province_id,c_name) values(40,6,'抚顺市');
insert into t_area(id,a_city_id,a_name) values(459,40,'新抚区');
insert into t_area(id,a_city_id,a_name) values(460,40,'露天区');
insert into t_area(id,a_city_id,a_name) values(461,40,'望花区');
insert into t_area(id,a_city_id,a_name) values(462,40,'顺城区');
insert into t_area(id,a_city_id,a_name) values(463,40,'抚顺县');
insert into t_area(id,a_city_id,a_name) values(464,40,'新宾满族自治县');
insert into t_area(id,a_city_id,a_name) values(465,40,'清原满族自治县');
insert into t_city(id,c_province_id,c_name) values(41,6,'本溪市');
insert into t_area(id,a_city_id,a_name) values(466,41,'平山区');
insert into t_area(id,a_city_id,a_name) values(467,41,'溪湖区');
insert into t_area(id,a_city_id,a_name) values(468,41,'明山区');
insert into t_area(id,a_city_id,a_name) values(469,41,'南芬区');
insert into t_area(id,a_city_id,a_name) values(470,41,'本溪满族自治县');
insert into t_area(id,a_city_id,a_name) values(471,41,'桓仁满族自治县');
insert into t_city(id,c_province_id,c_name) values(42,6,'丹东市');
insert into t_area(id,a_city_id,a_name) values(472,42,'元宝区');
insert into t_area(id,a_city_id,a_name) values(473,42,'振兴区');
insert into t_area(id,a_city_id,a_name) values(474,42,'振安区');
insert into t_area(id,a_city_id,a_name) values(475,42,'宽甸满族自治县');
insert into t_area(id,a_city_id,a_name) values(476,42,'东港市');
insert into t_area(id,a_city_id,a_name) values(477,42,'凤城市');
insert into t_city(id,c_province_id,c_name) values(43,6,'锦州市');
insert into t_area(id,a_city_id,a_name) values(478,43,'古塔区');
insert into t_area(id,a_city_id,a_name) values(479,43,'凌河区');
insert into t_area(id,a_city_id,a_name) values(480,43,'太和区');
insert into t_area(id,a_city_id,a_name) values(481,43,'黑山县');
insert into t_area(id,a_city_id,a_name) values(482,43,'义  县');
insert into t_area(id,a_city_id,a_name) values(483,43,'凌海市');
insert into t_area(id,a_city_id,a_name) values(484,43,'北宁市');
insert into t_city(id,c_province_id,c_name) values(44,6,'营口市');
insert into t_area(id,a_city_id,a_name) values(485,44,'站前区');
insert into t_area(id,a_city_id,a_name) values(486,44,'西市区');
insert into t_area(id,a_city_id,a_name) values(487,44,'鲅鱼圈区');
insert into t_area(id,a_city_id,a_name) values(488,44,'老边区');
insert into t_area(id,a_city_id,a_name) values(489,44,'盖州市');
insert into t_area(id,a_city_id,a_name) values(490,44,'大石桥市');
insert into t_city(id,c_province_id,c_name) values(45,6,'阜新市');
insert into t_area(id,a_city_id,a_name) values(491,45,'海州区');
insert into t_area(id,a_city_id,a_name) values(492,45,'新邱区');
insert into t_area(id,a_city_id,a_name) values(493,45,'太平区');
insert into t_area(id,a_city_id,a_name) values(494,45,'清河门区');
insert into t_area(id,a_city_id,a_name) values(495,45,'细河区');
insert into t_area(id,a_city_id,a_name) values(496,45,'阜新蒙古族自治县');
insert into t_area(id,a_city_id,a_name) values(497,45,'彰武县');
insert into t_city(id,c_province_id,c_name) values(46,6,'辽阳市');
insert into t_area(id,a_city_id,a_name) values(498,46,'白塔区');
insert into t_area(id,a_city_id,a_name) values(499,46,'文圣区');
insert into t_area(id,a_city_id,a_name) values(500,46,'宏伟区');
insert into t_area(id,a_city_id,a_name) values(501,46,'弓长岭区');
insert into t_area(id,a_city_id,a_name) values(502,46,'太子河区');
insert into t_area(id,a_city_id,a_name) values(503,46,'辽阳县');
insert into t_area(id,a_city_id,a_name) values(504,46,'灯塔市');
insert into t_city(id,c_province_id,c_name) values(47,6,'盘锦市');
insert into t_area(id,a_city_id,a_name) values(505,47,'双台子区');
insert into t_area(id,a_city_id,a_name) values(506,47,'兴隆台区');
insert into t_area(id,a_city_id,a_name) values(507,47,'大洼县');
insert into t_area(id,a_city_id,a_name) values(508,47,'盘山县');
insert into t_city(id,c_province_id,c_name) values(48,6,'铁岭市');
insert into t_area(id,a_city_id,a_name) values(509,48,'银州区');
insert into t_area(id,a_city_id,a_name) values(510,48,'清河区');
insert into t_area(id,a_city_id,a_name) values(511,48,'铁岭县');
insert into t_area(id,a_city_id,a_name) values(512,48,'西丰县');
insert into t_area(id,a_city_id,a_name) values(513,48,'昌图县');
insert into t_area(id,a_city_id,a_name) values(514,48,'铁法市');
insert into t_area(id,a_city_id,a_name) values(515,48,'开原市');
insert into t_city(id,c_province_id,c_name) values(49,6,'朝阳市');
insert into t_area(id,a_city_id,a_name) values(516,49,'双塔区');
insert into t_area(id,a_city_id,a_name) values(517,49,'龙城区');
insert into t_area(id,a_city_id,a_name) values(518,49,'朝阳县');
insert into t_area(id,a_city_id,a_name) values(519,49,'建平县');
insert into t_area(id,a_city_id,a_name) values(520,49,'喀喇沁左翼蒙古族自治县');
insert into t_area(id,a_city_id,a_name) values(521,49,'北票市');
insert into t_area(id,a_city_id,a_name) values(522,49,'凌源市');
insert into t_city(id,c_province_id,c_name) values(50,6,'葫芦岛市');
insert into t_area(id,a_city_id,a_name) values(523,50,'连山区');
insert into t_area(id,a_city_id,a_name) values(524,50,'龙港区');
insert into t_area(id,a_city_id,a_name) values(525,50,'南票区');
insert into t_area(id,a_city_id,a_name) values(526,50,'绥中县');
insert into t_area(id,a_city_id,a_name) values(527,50,'建昌县');
insert into t_area(id,a_city_id,a_name) values(528,50,'兴城市');
insert into t_province(id,p_name) values(7,'吉林省');
insert into t_city(id,c_province_id,c_name) values(51,7,'长春市');
insert into t_area(id,a_city_id,a_name) values(529,51,'南关区');
insert into t_area(id,a_city_id,a_name) values(530,51,'宽城区');
insert into t_area(id,a_city_id,a_name) values(531,51,'朝阳区');
insert into t_area(id,a_city_id,a_name) values(532,51,'二道区');
insert into t_area(id,a_city_id,a_name) values(533,51,'绿园区');
insert into t_area(id,a_city_id,a_name) values(534,51,'双阳区');
insert into t_area(id,a_city_id,a_name) values(535,51,'农安县');
insert into t_area(id,a_city_id,a_name) values(536,51,'九台市');
insert into t_area(id,a_city_id,a_name) values(537,51,'榆树市');
insert into t_area(id,a_city_id,a_name) values(538,51,'德惠市');
insert into t_city(id,c_province_id,c_name) values(52,7,'吉林市');
insert into t_area(id,a_city_id,a_name) values(539,52,'昌邑区');
insert into t_area(id,a_city_id,a_name) values(540,52,'龙潭区');
insert into t_area(id,a_city_id,a_name) values(541,52,'船营区');
insert into t_area(id,a_city_id,a_name) values(542,52,'丰满区');
insert into t_area(id,a_city_id,a_name) values(543,52,'永吉县');
insert into t_area(id,a_city_id,a_name) values(544,52,'蛟河市');
insert into t_area(id,a_city_id,a_name) values(545,52,'桦甸市');
insert into t_area(id,a_city_id,a_name) values(546,52,'舒兰市');
insert into t_area(id,a_city_id,a_name) values(547,52,'磐石市');
insert into t_city(id,c_province_id,c_name) values(53,7,'四平市');
insert into t_area(id,a_city_id,a_name) values(548,53,'铁西区');
insert into t_area(id,a_city_id,a_name) values(549,53,'铁东区');
insert into t_area(id,a_city_id,a_name) values(550,53,'梨树县');
insert into t_area(id,a_city_id,a_name) values(551,53,'伊通满族自治县');
insert into t_area(id,a_city_id,a_name) values(552,53,'公主岭市');
insert into t_area(id,a_city_id,a_name) values(553,53,'双辽市');
insert into t_city(id,c_province_id,c_name) values(54,7,'辽源市');
insert into t_area(id,a_city_id,a_name) values(554,54,'龙山区');
insert into t_area(id,a_city_id,a_name) values(555,54,'西安区');
insert into t_area(id,a_city_id,a_name) values(556,54,'东丰县');
insert into t_area(id,a_city_id,a_name) values(557,54,'东辽县');
insert into t_city(id,c_province_id,c_name) values(55,7,'通化市');
insert into t_area(id,a_city_id,a_name) values(558,55,'东昌区');
insert into t_area(id,a_city_id,a_name) values(559,55,'二道江区');
insert into t_area(id,a_city_id,a_name) values(560,55,'通化县');
insert into t_area(id,a_city_id,a_name) values(561,55,'辉南县');
insert into t_area(id,a_city_id,a_name) values(562,55,'柳河县');
insert into t_area(id,a_city_id,a_name) values(563,55,'梅河口市');
insert into t_area(id,a_city_id,a_name) values(564,55,'集安市');
insert into t_city(id,c_province_id,c_name) values(56,7,'白山市');
insert into t_area(id,a_city_id,a_name) values(565,56,'八道江区');
insert into t_area(id,a_city_id,a_name) values(566,56,'抚松县');
insert into t_area(id,a_city_id,a_name) values(567,56,'靖宇县');
insert into t_area(id,a_city_id,a_name) values(568,56,'长白朝鲜族自治县');
insert into t_area(id,a_city_id,a_name) values(569,56,'江源县');
insert into t_area(id,a_city_id,a_name) values(570,56,'临江市');
insert into t_city(id,c_province_id,c_name) values(57,7,'松原市');
insert into t_area(id,a_city_id,a_name) values(571,57,'宁江区');
insert into t_area(id,a_city_id,a_name) values(572,57,'前郭尔罗斯蒙古族自治县');
insert into t_area(id,a_city_id,a_name) values(573,57,'长岭县');
insert into t_area(id,a_city_id,a_name) values(574,57,'乾安县');
insert into t_area(id,a_city_id,a_name) values(575,57,'扶余县');
insert into t_city(id,c_province_id,c_name) values(58,7,'白城市');
insert into t_area(id,a_city_id,a_name) values(576,58,'洮北区');
insert into t_area(id,a_city_id,a_name) values(577,58,'镇赉县');
insert into t_area(id,a_city_id,a_name) values(578,58,'通榆县');
insert into t_area(id,a_city_id,a_name) values(579,58,'洮南市');
insert into t_area(id,a_city_id,a_name) values(580,58,'大安市');
insert into t_city(id,c_province_id,c_name) values(59,7,'延边朝鲜族自治州');
insert into t_area(id,a_city_id,a_name) values(581,59,'延吉市');
insert into t_area(id,a_city_id,a_name) values(582,59,'图们市');
insert into t_area(id,a_city_id,a_name) values(583,59,'敦化市');
insert into t_area(id,a_city_id,a_name) values(584,59,'珲春市');
insert into t_area(id,a_city_id,a_name) values(585,59,'龙井市');
insert into t_area(id,a_city_id,a_name) values(586,59,'和龙市');
insert into t_area(id,a_city_id,a_name) values(587,59,'汪清县');
insert into t_area(id,a_city_id,a_name) values(588,59,'安图县');
insert into t_province(id,p_name) values(8,'黑龙江省');
insert into t_city(id,c_province_id,c_name) values(60,8,'哈尔滨市');
insert into t_area(id,a_city_id,a_name) values(589,60,'道里区');
insert into t_area(id,a_city_id,a_name) values(590,60,'南岗区');
insert into t_area(id,a_city_id,a_name) values(591,60,'道外区');
insert into t_area(id,a_city_id,a_name) values(592,60,'松北区');
insert into t_area(id,a_city_id,a_name) values(593,60,'香坊区');
insert into t_area(id,a_city_id,a_name) values(594,60,'阿成区');
insert into t_area(id,a_city_id,a_name) values(595,60,'平房区');
insert into t_area(id,a_city_id,a_name) values(596,60,'呼兰区');
insert into t_area(id,a_city_id,a_name) values(597,60,'依兰县');
insert into t_area(id,a_city_id,a_name) values(598,60,'方正县');
insert into t_area(id,a_city_id,a_name) values(599,60,'宾  县');
insert into t_area(id,a_city_id,a_name) values(600,60,'巴彦县');
insert into t_area(id,a_city_id,a_name) values(601,60,'木兰县');
insert into t_area(id,a_city_id,a_name) values(602,60,'通河县');
insert into t_area(id,a_city_id,a_name) values(603,60,'延寿县');
insert into t_area(id,a_city_id,a_name) values(604,60,'双城市');
insert into t_area(id,a_city_id,a_name) values(605,60,'尚志市');
insert into t_area(id,a_city_id,a_name) values(606,60,'五常市');
insert into t_city(id,c_province_id,c_name) values(61,8,'齐齐哈尔市');
insert into t_area(id,a_city_id,a_name) values(607,61,'龙沙区');
insert into t_area(id,a_city_id,a_name) values(608,61,'建华区');
insert into t_area(id,a_city_id,a_name) values(609,61,'铁锋区');
insert into t_area(id,a_city_id,a_name) values(610,61,'昂昂溪区');
insert into t_area(id,a_city_id,a_name) values(611,61,'富拉尔基区');
insert into t_area(id,a_city_id,a_name) values(612,61,'碾子山区');
insert into t_area(id,a_city_id,a_name) values(613,61,'梅里斯达斡尔族区');
insert into t_area(id,a_city_id,a_name) values(614,61,'龙江县');
insert into t_area(id,a_city_id,a_name) values(615,61,'依安县');
insert into t_area(id,a_city_id,a_name) values(616,61,'泰来县');
insert into t_area(id,a_city_id,a_name) values(617,61,'甘南县');
insert into t_area(id,a_city_id,a_name) values(618,61,'富裕县');
insert into t_area(id,a_city_id,a_name) values(619,61,'克山县');
insert into t_area(id,a_city_id,a_name) values(620,61,'克东县');
insert into t_area(id,a_city_id,a_name) values(621,61,'拜泉县');
insert into t_area(id,a_city_id,a_name) values(622,61,'讷河市');
insert into t_city(id,c_province_id,c_name) values(62,8,'鸡西市');
insert into t_area(id,a_city_id,a_name) values(623,62,'鸡冠区');
insert into t_area(id,a_city_id,a_name) values(624,62,'恒山区');
insert into t_area(id,a_city_id,a_name) values(625,62,'滴道区');
insert into t_area(id,a_city_id,a_name) values(626,62,'梨树区');
insert into t_area(id,a_city_id,a_name) values(627,62,'城子河区');
insert into t_area(id,a_city_id,a_name) values(628,62,'麻山区');
insert into t_area(id,a_city_id,a_name) values(629,62,'鸡东县');
insert into t_area(id,a_city_id,a_name) values(630,62,'虎林市');
insert into t_area(id,a_city_id,a_name) values(631,62,'密山市');
insert into t_city(id,c_province_id,c_name) values(63,8,'鹤岗市');
insert into t_area(id,a_city_id,a_name) values(632,63,'向阳区');
insert into t_area(id,a_city_id,a_name) values(633,63,'工农区');
insert into t_area(id,a_city_id,a_name) values(634,63,'南山区');
insert into t_area(id,a_city_id,a_name) values(635,63,'兴安区');
insert into t_area(id,a_city_id,a_name) values(636,63,'东山区');
insert into t_area(id,a_city_id,a_name) values(637,63,'兴山区');
insert into t_area(id,a_city_id,a_name) values(638,63,'萝北县');
insert into t_area(id,a_city_id,a_name) values(639,63,'绥滨县');
insert into t_city(id,c_province_id,c_name) values(64,8,'双鸭山市');
insert into t_area(id,a_city_id,a_name) values(640,64,'尖山区');
insert into t_area(id,a_city_id,a_name) values(641,64,'岭东区');
insert into t_area(id,a_city_id,a_name) values(642,64,'四方台区');
insert into t_area(id,a_city_id,a_name) values(643,64,'宝山区');
insert into t_area(id,a_city_id,a_name) values(644,64,'集贤县');
insert into t_area(id,a_city_id,a_name) values(645,64,'友谊县');
insert into t_area(id,a_city_id,a_name) values(646,64,'宝清县');
insert into t_area(id,a_city_id,a_name) values(647,64,'饶河县');
insert into t_city(id,c_province_id,c_name) values(65,8,'大庆市');
insert into t_area(id,a_city_id,a_name) values(648,65,'萨尔图区');
insert into t_area(id,a_city_id,a_name) values(649,65,'龙凤区');
insert into t_area(id,a_city_id,a_name) values(650,65,'让胡路区');
insert into t_area(id,a_city_id,a_name) values(651,65,'红岗区');
insert into t_area(id,a_city_id,a_name) values(652,65,'大同区');
insert into t_area(id,a_city_id,a_name) values(653,65,'肇州县');
insert into t_area(id,a_city_id,a_name) values(654,65,'肇源县');
insert into t_area(id,a_city_id,a_name) values(655,65,'林甸县');
insert into t_area(id,a_city_id,a_name) values(656,65,'杜尔伯特蒙古族自治县');
insert into t_city(id,c_province_id,c_name) values(66,8,'伊春市');
insert into t_area(id,a_city_id,a_name) values(657,66,'伊春区');
insert into t_area(id,a_city_id,a_name) values(658,66,'南岔区');
insert into t_area(id,a_city_id,a_name) values(659,66,'友好区');
insert into t_area(id,a_city_id,a_name) values(660,66,'西林区');
insert into t_area(id,a_city_id,a_name) values(661,66,'翠峦区');
insert into t_area(id,a_city_id,a_name) values(662,66,'新青区');
insert into t_area(id,a_city_id,a_name) values(663,66,'美溪区');
insert into t_area(id,a_city_id,a_name) values(664,66,'金山屯区');
insert into t_area(id,a_city_id,a_name) values(665,66,'五营区');
insert into t_area(id,a_city_id,a_name) values(666,66,'乌马河区');
insert into t_area(id,a_city_id,a_name) values(667,66,'汤旺河区');
insert into t_area(id,a_city_id,a_name) values(668,66,'带岭区');
insert into t_area(id,a_city_id,a_name) values(669,66,'乌伊岭区');
insert into t_area(id,a_city_id,a_name) values(670,66,'红星区');
insert into t_area(id,a_city_id,a_name) values(671,66,'上甘岭区');
insert into t_area(id,a_city_id,a_name) values(672,66,'嘉荫县');
insert into t_area(id,a_city_id,a_name) values(673,66,'铁力市');
insert into t_area(id,a_city_id,a_name) values(674,66,'向阳区');
insert into t_area(id,a_city_id,a_name) values(675,66,'前进区');
insert into t_area(id,a_city_id,a_name) values(676,66,'东风区');
insert into t_area(id,a_city_id,a_name) values(677,66,'郊  区');
insert into t_area(id,a_city_id,a_name) values(678,66,'桦南县');
insert into t_area(id,a_city_id,a_name) values(679,66,'桦川县');
insert into t_area(id,a_city_id,a_name) values(680,66,'汤原县');
insert into t_area(id,a_city_id,a_name) values(681,66,'抚远县');
insert into t_area(id,a_city_id,a_name) values(682,66,'同江市');
insert into t_area(id,a_city_id,a_name) values(683,66,'富锦市');
insert into t_city(id,c_province_id,c_name) values(67,8,'七台河市');
insert into t_area(id,a_city_id,a_name) values(684,67,'新兴区');
insert into t_area(id,a_city_id,a_name) values(685,67,'桃山区');
insert into t_area(id,a_city_id,a_name) values(686,67,'茄子河区');
insert into t_area(id,a_city_id,a_name) values(687,67,'勃利县');
insert into t_city(id,c_province_id,c_name) values(68,8,'牡丹江市');
insert into t_area(id,a_city_id,a_name) values(688,68,'东安区');
insert into t_area(id,a_city_id,a_name) values(689,68,'阳明区');
insert into t_area(id,a_city_id,a_name) values(690,68,'爱民区');
insert into t_area(id,a_city_id,a_name) values(691,68,'西安区');
insert into t_area(id,a_city_id,a_name) values(692,68,'东宁县');
insert into t_area(id,a_city_id,a_name) values(693,68,'林口县');
insert into t_area(id,a_city_id,a_name) values(694,68,'绥芬河市');
insert into t_area(id,a_city_id,a_name) values(695,68,'海林市');
insert into t_area(id,a_city_id,a_name) values(696,68,'宁安市');
insert into t_area(id,a_city_id,a_name) values(697,68,'穆棱市');
insert into t_city(id,c_province_id,c_name) values(69,8,'黑河市');
insert into t_area(id,a_city_id,a_name) values(698,69,'爱辉区');
insert into t_area(id,a_city_id,a_name) values(699,69,'嫩江县');
insert into t_area(id,a_city_id,a_name) values(700,69,'逊克县');
insert into t_area(id,a_city_id,a_name) values(701,69,'孙吴县');
insert into t_area(id,a_city_id,a_name) values(702,69,'北安市');
insert into t_area(id,a_city_id,a_name) values(703,69,'五大连池市');
insert into t_city(id,c_province_id,c_name) values(70,8,'绥化市');
insert into t_area(id,a_city_id,a_name) values(704,70,'绥化市');
insert into t_area(id,a_city_id,a_name) values(705,70,'安达市');
insert into t_area(id,a_city_id,a_name) values(706,70,'肇东市');
insert into t_area(id,a_city_id,a_name) values(707,70,'海伦市');
insert into t_area(id,a_city_id,a_name) values(708,70,'望奎县');
insert into t_area(id,a_city_id,a_name) values(709,70,'兰西县');
insert into t_area(id,a_city_id,a_name) values(710,70,'青冈县');
insert into t_area(id,a_city_id,a_name) values(711,70,'庆安县');
insert into t_area(id,a_city_id,a_name) values(712,70,'明水县');
insert into t_area(id,a_city_id,a_name) values(713,70,'绥棱县');
insert into t_city(id,c_province_id,c_name) values(71,8,'大兴安岭地区');
insert into t_area(id,a_city_id,a_name) values(714,71,'呼玛县');
insert into t_area(id,a_city_id,a_name) values(715,71,'塔河县');
insert into t_area(id,a_city_id,a_name) values(716,71,'漠河县');
insert into t_province(id,p_name) values(9,'上海市');
insert into t_city(id,c_province_id,c_name) values(72,9,'上海市');
insert into t_area(id,a_city_id,a_name) values(717,72,'浦东新区');
insert into t_area(id,a_city_id,a_name) values(718,72,'徐汇区');
insert into t_area(id,a_city_id,a_name) values(719,72,'黄浦区');
insert into t_area(id,a_city_id,a_name) values(720,72,'杨浦区');
insert into t_area(id,a_city_id,a_name) values(721,72,'虹口区');
insert into t_area(id,a_city_id,a_name) values(722,72,'闵行区');
insert into t_area(id,a_city_id,a_name) values(723,72,'长宁区');
insert into t_area(id,a_city_id,a_name) values(724,72,'普陀区');
insert into t_area(id,a_city_id,a_name) values(725,72,'宝山区');
insert into t_area(id,a_city_id,a_name) values(726,72,'静安区');
insert into t_area(id,a_city_id,a_name) values(727,72,'闸北区');
insert into t_area(id,a_city_id,a_name) values(728,72,'卢湾区');
insert into t_area(id,a_city_id,a_name) values(729,72,'松江区');
insert into t_area(id,a_city_id,a_name) values(730,72,'嘉定区');
insert into t_area(id,a_city_id,a_name) values(731,72,'南汇区');
insert into t_area(id,a_city_id,a_name) values(732,72,'金山区');
insert into t_area(id,a_city_id,a_name) values(733,72,'青浦区');
insert into t_area(id,a_city_id,a_name) values(734,72,'奉贤区');
insert into t_area(id,a_city_id,a_name) values(735,72,'崇明县');
insert into t_province(id,p_name) values(10,'江苏省');
insert into t_city(id,c_province_id,c_name) values(73,10,'南京市');
insert into t_area(id,a_city_id,a_name) values(736,73,'玄武区');
insert into t_area(id,a_city_id,a_name) values(737,73,'白下区');
insert into t_area(id,a_city_id,a_name) values(738,73,'秦淮区');
insert into t_area(id,a_city_id,a_name) values(739,73,'建邺区');
insert into t_area(id,a_city_id,a_name) values(740,73,'鼓楼区');
insert into t_area(id,a_city_id,a_name) values(741,73,'下关区');
insert into t_area(id,a_city_id,a_name) values(742,73,'浦口区');
insert into t_area(id,a_city_id,a_name) values(743,73,'栖霞区');
insert into t_area(id,a_city_id,a_name) values(744,73,'雨花台区');
insert into t_area(id,a_city_id,a_name) values(745,73,'江宁区');
insert into t_area(id,a_city_id,a_name) values(746,73,'六合区');
insert into t_area(id,a_city_id,a_name) values(747,73,'溧水县');
insert into t_area(id,a_city_id,a_name) values(748,73,'高淳县');
insert into t_city(id,c_province_id,c_name) values(74,10,'无锡市');
insert into t_area(id,a_city_id,a_name) values(749,74,'崇安区');
insert into t_area(id,a_city_id,a_name) values(750,74,'南长区');
insert into t_area(id,a_city_id,a_name) values(751,74,'北塘区');
insert into t_area(id,a_city_id,a_name) values(752,74,'郊  区');
insert into t_area(id,a_city_id,a_name) values(753,74,'马山区');
insert into t_area(id,a_city_id,a_name) values(754,74,'江阴市');
insert into t_area(id,a_city_id,a_name) values(755,74,'宜兴市');
insert into t_area(id,a_city_id,a_name) values(756,74,'锡山市');
insert into t_city(id,c_province_id,c_name) values(75,10,'徐州市');
insert into t_area(id,a_city_id,a_name) values(757,75,'鼓楼区');
insert into t_area(id,a_city_id,a_name) values(758,75,'云龙区');
insert into t_area(id,a_city_id,a_name) values(759,75,'九里区');
insert into t_area(id,a_city_id,a_name) values(760,75,'贾汪区');
insert into t_area(id,a_city_id,a_name) values(761,75,'泉山区');
insert into t_area(id,a_city_id,a_name) values(762,75,'丰  县');
insert into t_area(id,a_city_id,a_name) values(763,75,'沛  县');
insert into t_area(id,a_city_id,a_name) values(764,75,'铜山县');
insert into t_area(id,a_city_id,a_name) values(765,75,'睢宁县');
insert into t_area(id,a_city_id,a_name) values(766,75,'新沂市');
insert into t_area(id,a_city_id,a_name) values(767,75,'邳州市');
insert into t_city(id,c_province_id,c_name) values(76,10,'常州市');
insert into t_area(id,a_city_id,a_name) values(768,76,'天宁区');
insert into t_area(id,a_city_id,a_name) values(769,76,'钟楼区');
insert into t_area(id,a_city_id,a_name) values(770,76,'戚墅堰区');
insert into t_area(id,a_city_id,a_name) values(771,76,'郊  区');
insert into t_area(id,a_city_id,a_name) values(772,76,'溧阳市');
insert into t_area(id,a_city_id,a_name) values(773,76,'金坛市');
insert into t_area(id,a_city_id,a_name) values(774,76,'武进市');
insert into t_city(id,c_province_id,c_name) values(77,10,'苏州市');
insert into t_area(id,a_city_id,a_name) values(775,77,'沧浪区');
insert into t_area(id,a_city_id,a_name) values(776,77,'平江区');
insert into t_area(id,a_city_id,a_name) values(777,77,'金阊区');
insert into t_area(id,a_city_id,a_name) values(778,77,'郊  区');
insert into t_area(id,a_city_id,a_name) values(779,77,'常熟市');
insert into t_area(id,a_city_id,a_name) values(780,77,'张家港市');
insert into t_area(id,a_city_id,a_name) values(781,77,'昆山市');
insert into t_area(id,a_city_id,a_name) values(782,77,'吴江市');
insert into t_area(id,a_city_id,a_name) values(783,77,'太仓市');
insert into t_area(id,a_city_id,a_name) values(784,77,'吴县市');
insert into t_city(id,c_province_id,c_name) values(78,10,'南通市');
insert into t_area(id,a_city_id,a_name) values(785,78,'崇川区');
insert into t_area(id,a_city_id,a_name) values(786,78,'港闸区');
insert into t_area(id,a_city_id,a_name) values(787,78,'海安县');
insert into t_area(id,a_city_id,a_name) values(788,78,'如东县');
insert into t_area(id,a_city_id,a_name) values(789,78,'启东市');
insert into t_area(id,a_city_id,a_name) values(790,78,'如皋市');
insert into t_area(id,a_city_id,a_name) values(791,78,'通州市');
insert into t_area(id,a_city_id,a_name) values(792,78,'海门市');
insert into t_city(id,c_province_id,c_name) values(79,10,'连云港市');
insert into t_area(id,a_city_id,a_name) values(793,79,'连云区');
insert into t_area(id,a_city_id,a_name) values(794,79,'云台区');
insert into t_area(id,a_city_id,a_name) values(795,79,'新浦区');
insert into t_area(id,a_city_id,a_name) values(796,79,'海州区');
insert into t_area(id,a_city_id,a_name) values(797,79,'赣榆县');
insert into t_area(id,a_city_id,a_name) values(798,79,'东海县');
insert into t_area(id,a_city_id,a_name) values(799,79,'灌云县');
insert into t_area(id,a_city_id,a_name) values(800,79,'灌南县');
insert into t_city(id,c_province_id,c_name) values(80,10,'淮阴市');
insert into t_area(id,a_city_id,a_name) values(801,80,'清河区');
insert into t_area(id,a_city_id,a_name) values(802,80,'清浦区');
insert into t_area(id,a_city_id,a_name) values(803,80,'淮阴县');
insert into t_area(id,a_city_id,a_name) values(804,80,'涟水县');
insert into t_area(id,a_city_id,a_name) values(805,80,'洪泽县');
insert into t_area(id,a_city_id,a_name) values(806,80,'盱眙县');
insert into t_area(id,a_city_id,a_name) values(807,80,'金湖县');
insert into t_area(id,a_city_id,a_name) values(808,80,'淮安市');
insert into t_city(id,c_province_id,c_name) values(81,10,'盐城市');
insert into t_area(id,a_city_id,a_name) values(809,81,'城  区');
insert into t_area(id,a_city_id,a_name) values(810,81,'响水县');
insert into t_area(id,a_city_id,a_name) values(811,81,'滨海县');
insert into t_area(id,a_city_id,a_name) values(812,81,'阜宁县');
insert into t_area(id,a_city_id,a_name) values(813,81,'射阳县');
insert into t_area(id,a_city_id,a_name) values(814,81,'建湖县');
insert into t_area(id,a_city_id,a_name) values(815,81,'盐都县');
insert into t_area(id,a_city_id,a_name) values(816,81,'东台市');
insert into t_area(id,a_city_id,a_name) values(817,81,'大丰市');
insert into t_city(id,c_province_id,c_name) values(82,10,'扬州市');
insert into t_area(id,a_city_id,a_name) values(818,82,'广陵区');
insert into t_area(id,a_city_id,a_name) values(819,82,'郊  区');
insert into t_area(id,a_city_id,a_name) values(820,82,'宝应县');
insert into t_area(id,a_city_id,a_name) values(821,82,'邗江县');
insert into t_area(id,a_city_id,a_name) values(822,82,'仪征市');
insert into t_area(id,a_city_id,a_name) values(823,82,'高邮市');
insert into t_area(id,a_city_id,a_name) values(824,82,'江都市');
insert into t_city(id,c_province_id,c_name) values(83,10,'镇江市');
insert into t_area(id,a_city_id,a_name) values(825,83,'京口区');
insert into t_area(id,a_city_id,a_name) values(826,83,'润州区');
insert into t_area(id,a_city_id,a_name) values(827,83,'丹徒县');
insert into t_area(id,a_city_id,a_name) values(828,83,'丹阳市');
insert into t_area(id,a_city_id,a_name) values(829,83,'扬中市');
insert into t_area(id,a_city_id,a_name) values(830,83,'句容市');
insert into t_city(id,c_province_id,c_name) values(84,10,'泰州市');
insert into t_area(id,a_city_id,a_name) values(831,84,'海陵区');
insert into t_area(id,a_city_id,a_name) values(832,84,'高港区');
insert into t_area(id,a_city_id,a_name) values(833,84,'兴化市');
insert into t_area(id,a_city_id,a_name) values(834,84,'靖江市');
insert into t_area(id,a_city_id,a_name) values(835,84,'泰兴市');
insert into t_area(id,a_city_id,a_name) values(836,84,'姜堰市');
insert into t_city(id,c_province_id,c_name) values(85,10,'宿迁市');
insert into t_area(id,a_city_id,a_name) values(837,85,'宿城区');
insert into t_area(id,a_city_id,a_name) values(838,85,'宿豫县');
insert into t_area(id,a_city_id,a_name) values(839,85,'沭阳县');
insert into t_area(id,a_city_id,a_name) values(840,85,'泗阳县');
insert into t_area(id,a_city_id,a_name) values(841,85,'泗洪县');
insert into t_province(id,p_name) values(11,'浙江省');
insert into t_city(id,c_province_id,c_name) values(86,11,'杭州市');
insert into t_area(id,a_city_id,a_name) values(842,86,'上城区');
insert into t_area(id,a_city_id,a_name) values(843,86,'下城区');
insert into t_area(id,a_city_id,a_name) values(844,86,'江干区');
insert into t_area(id,a_city_id,a_name) values(845,86,'拱墅区');
insert into t_area(id,a_city_id,a_name) values(846,86,'西湖区');
insert into t_area(id,a_city_id,a_name) values(847,86,'滨江区');
insert into t_area(id,a_city_id,a_name) values(848,86,'桐庐县');
insert into t_area(id,a_city_id,a_name) values(849,86,'淳安县');
insert into t_area(id,a_city_id,a_name) values(850,86,'萧山市');
insert into t_area(id,a_city_id,a_name) values(851,86,'建德市');
insert into t_area(id,a_city_id,a_name) values(852,86,'富阳市');
insert into t_area(id,a_city_id,a_name) values(853,86,'余杭市');
insert into t_area(id,a_city_id,a_name) values(854,86,'临安市');
insert into t_city(id,c_province_id,c_name) values(87,11,'宁波市');
insert into t_area(id,a_city_id,a_name) values(855,87,'海曙区');
insert into t_area(id,a_city_id,a_name) values(856,87,'江东区');
insert into t_area(id,a_city_id,a_name) values(857,87,'江北区');
insert into t_area(id,a_city_id,a_name) values(858,87,'北仑区');
insert into t_area(id,a_city_id,a_name) values(859,87,'镇海区');
insert into t_area(id,a_city_id,a_name) values(860,87,'象山县');
insert into t_area(id,a_city_id,a_name) values(861,87,'宁海县');
insert into t_area(id,a_city_id,a_name) values(862,87,'鄞  县');
insert into t_area(id,a_city_id,a_name) values(863,87,'余姚市');
insert into t_area(id,a_city_id,a_name) values(864,87,'慈溪市');
insert into t_area(id,a_city_id,a_name) values(865,87,'奉化市');
insert into t_city(id,c_province_id,c_name) values(88,11,'温州市');
insert into t_area(id,a_city_id,a_name) values(866,88,'鹿城区');
insert into t_area(id,a_city_id,a_name) values(867,88,'龙湾区');
insert into t_area(id,a_city_id,a_name) values(868,88,'瓯海区');
insert into t_area(id,a_city_id,a_name) values(869,88,'洞头县');
insert into t_area(id,a_city_id,a_name) values(870,88,'永嘉县');
insert into t_area(id,a_city_id,a_name) values(871,88,'平阳县');
insert into t_area(id,a_city_id,a_name) values(872,88,'苍南县');
insert into t_area(id,a_city_id,a_name) values(873,88,'文成县');
insert into t_area(id,a_city_id,a_name) values(874,88,'泰顺县');
insert into t_area(id,a_city_id,a_name) values(875,88,'瑞安市');
insert into t_area(id,a_city_id,a_name) values(876,88,'乐清市');
insert into t_city(id,c_province_id,c_name) values(89,11,'嘉兴市');
insert into t_area(id,a_city_id,a_name) values(877,89,'秀城区');
insert into t_area(id,a_city_id,a_name) values(878,89,'郊  区');
insert into t_area(id,a_city_id,a_name) values(879,89,'嘉善县');
insert into t_area(id,a_city_id,a_name) values(880,89,'海盐县');
insert into t_area(id,a_city_id,a_name) values(881,89,'海宁市');
insert into t_area(id,a_city_id,a_name) values(882,89,'平湖市');
insert into t_area(id,a_city_id,a_name) values(883,89,'桐乡市');
insert into t_city(id,c_province_id,c_name) values(90,11,'湖州市');
insert into t_area(id,a_city_id,a_name) values(884,90,'吴兴区');
insert into t_area(id,a_city_id,a_name) values(885,90,'南浔区');
insert into t_area(id,a_city_id,a_name) values(886,90,'德清县');
insert into t_area(id,a_city_id,a_name) values(887,90,'长兴县');
insert into t_area(id,a_city_id,a_name) values(888,90,'安吉县');
insert into t_city(id,c_province_id,c_name) values(91,11,'绍兴市');
insert into t_area(id,a_city_id,a_name) values(889,91,'越城区');
insert into t_area(id,a_city_id,a_name) values(890,91,'绍兴县');
insert into t_area(id,a_city_id,a_name) values(891,91,'新昌县');
insert into t_area(id,a_city_id,a_name) values(892,91,'诸暨市');
insert into t_area(id,a_city_id,a_name) values(893,91,'上虞市');
insert into t_area(id,a_city_id,a_name) values(894,91,'嵊州市');
insert into t_city(id,c_province_id,c_name) values(92,11,'金华市');
insert into t_area(id,a_city_id,a_name) values(895,92,'婺城区');
insert into t_area(id,a_city_id,a_name) values(896,92,'金华县');
insert into t_area(id,a_city_id,a_name) values(897,92,'武义县');
insert into t_area(id,a_city_id,a_name) values(898,92,'浦江县');
insert into t_area(id,a_city_id,a_name) values(899,92,'磐安县');
insert into t_area(id,a_city_id,a_name) values(900,92,'兰溪市');
insert into t_area(id,a_city_id,a_name) values(901,92,'义乌市');
insert into t_area(id,a_city_id,a_name) values(902,92,'东阳市');
insert into t_area(id,a_city_id,a_name) values(903,92,'永康市');
insert into t_city(id,c_province_id,c_name) values(93,11,'衢州市');
insert into t_area(id,a_city_id,a_name) values(904,93,'柯城区');
insert into t_area(id,a_city_id,a_name) values(905,93,'衢  县');
insert into t_area(id,a_city_id,a_name) values(906,93,'常山县');
insert into t_area(id,a_city_id,a_name) values(907,93,'开化县');
insert into t_area(id,a_city_id,a_name) values(908,93,'龙游县');
insert into t_area(id,a_city_id,a_name) values(909,93,'江山市');
insert into t_city(id,c_province_id,c_name) values(94,11,'舟山市');
insert into t_area(id,a_city_id,a_name) values(910,94,'定海区');
insert into t_area(id,a_city_id,a_name) values(911,94,'普陀区');
insert into t_area(id,a_city_id,a_name) values(912,94,'岱山县');
insert into t_area(id,a_city_id,a_name) values(913,94,'嵊泗县');
insert into t_city(id,c_province_id,c_name) values(95,11,'台州市');
insert into t_area(id,a_city_id,a_name) values(914,95,'椒江区');
insert into t_area(id,a_city_id,a_name) values(915,95,'黄岩区');
insert into t_area(id,a_city_id,a_name) values(916,95,'路桥区');
insert into t_area(id,a_city_id,a_name) values(917,95,'玉环县');
insert into t_area(id,a_city_id,a_name) values(918,95,'三门县');
insert into t_area(id,a_city_id,a_name) values(919,95,'天台县');
insert into t_area(id,a_city_id,a_name) values(920,95,'仙居县');
insert into t_area(id,a_city_id,a_name) values(921,95,'温岭市');
insert into t_area(id,a_city_id,a_name) values(922,95,'临海市');
insert into t_city(id,c_province_id,c_name) values(96,11,'丽水市');
insert into t_area(id,a_city_id,a_name) values(923,96,'丽水市');
insert into t_area(id,a_city_id,a_name) values(924,96,'龙泉市');
insert into t_area(id,a_city_id,a_name) values(925,96,'青田县');
insert into t_area(id,a_city_id,a_name) values(926,96,'云和县');
insert into t_area(id,a_city_id,a_name) values(927,96,'庆元县');
insert into t_area(id,a_city_id,a_name) values(928,96,'缙云县');
insert into t_area(id,a_city_id,a_name) values(929,96,'遂昌县');
insert into t_area(id,a_city_id,a_name) values(930,96,'松阳县');
insert into t_area(id,a_city_id,a_name) values(931,96,'景宁畲族自治县');
insert into t_province(id,p_name) values(12,'安徽省');
insert into t_city(id,c_province_id,c_name) values(97,12,'合肥市');
insert into t_area(id,a_city_id,a_name) values(932,97,'东市区');
insert into t_area(id,a_city_id,a_name) values(933,97,'中市区');
insert into t_area(id,a_city_id,a_name) values(934,97,'西市区');
insert into t_area(id,a_city_id,a_name) values(935,97,'郊  区');
insert into t_area(id,a_city_id,a_name) values(936,97,'长丰县');
insert into t_area(id,a_city_id,a_name) values(937,97,'肥东县');
insert into t_area(id,a_city_id,a_name) values(938,97,'肥西县');
insert into t_city(id,c_province_id,c_name) values(98,12,'芜湖市');
insert into t_area(id,a_city_id,a_name) values(939,98,'镜湖区');
insert into t_area(id,a_city_id,a_name) values(940,98,'马塘区');
insert into t_area(id,a_city_id,a_name) values(941,98,'新芜区');
insert into t_area(id,a_city_id,a_name) values(942,98,'鸠江区');
insert into t_area(id,a_city_id,a_name) values(943,98,'芜湖县');
insert into t_area(id,a_city_id,a_name) values(944,98,'繁昌县');
insert into t_area(id,a_city_id,a_name) values(945,98,'南陵县');
insert into t_city(id,c_province_id,c_name) values(99,12,'蚌埠市');
insert into t_area(id,a_city_id,a_name) values(946,99,'东市区');
insert into t_area(id,a_city_id,a_name) values(947,99,'中市区');
insert into t_area(id,a_city_id,a_name) values(948,99,'西市区');
insert into t_area(id,a_city_id,a_name) values(949,99,'郊  区');
insert into t_area(id,a_city_id,a_name) values(950,99,'怀远县');
insert into t_area(id,a_city_id,a_name) values(951,99,'五河县');
insert into t_area(id,a_city_id,a_name) values(952,99,'固镇县');
insert into t_city(id,c_province_id,c_name) values(100,12,'淮南市');
insert into t_area(id,a_city_id,a_name) values(953,100,'大通区');
insert into t_area(id,a_city_id,a_name) values(954,100,'田家庵区');
insert into t_area(id,a_city_id,a_name) values(955,100,'谢家集区');
insert into t_area(id,a_city_id,a_name) values(956,100,'八公山区');
insert into t_area(id,a_city_id,a_name) values(957,100,'潘集区');
insert into t_area(id,a_city_id,a_name) values(958,100,'凤台县');
insert into t_city(id,c_province_id,c_name) values(101,12,'马鞍山市');
insert into t_area(id,a_city_id,a_name) values(959,101,'金家庄区');
insert into t_area(id,a_city_id,a_name) values(960,101,'花山区');
insert into t_area(id,a_city_id,a_name) values(961,101,'雨山区');
insert into t_area(id,a_city_id,a_name) values(962,101,'当涂县');
insert into t_city(id,c_province_id,c_name) values(102,12,'淮北市');
insert into t_area(id,a_city_id,a_name) values(963,102,'杜集区');
insert into t_area(id,a_city_id,a_name) values(964,102,'相山区');
insert into t_area(id,a_city_id,a_name) values(965,102,'烈山区');
insert into t_area(id,a_city_id,a_name) values(966,102,'濉溪县');
insert into t_city(id,c_province_id,c_name) values(103,12,'铜陵市');
insert into t_area(id,a_city_id,a_name) values(967,103,'铜官山区');
insert into t_area(id,a_city_id,a_name) values(968,103,'狮子山区');
insert into t_area(id,a_city_id,a_name) values(969,103,'郊  区');
insert into t_area(id,a_city_id,a_name) values(970,103,'铜陵县');
insert into t_city(id,c_province_id,c_name) values(104,12,'安庆市');
insert into t_area(id,a_city_id,a_name) values(971,104,'迎江区');
insert into t_area(id,a_city_id,a_name) values(972,104,'大观区');
insert into t_area(id,a_city_id,a_name) values(973,104,'郊  区');
insert into t_area(id,a_city_id,a_name) values(974,104,'怀宁县');
insert into t_area(id,a_city_id,a_name) values(975,104,'枞阳县');
insert into t_area(id,a_city_id,a_name) values(976,104,'潜山县');
insert into t_area(id,a_city_id,a_name) values(977,104,'太湖县');
insert into t_area(id,a_city_id,a_name) values(978,104,'宿松县');
insert into t_area(id,a_city_id,a_name) values(979,104,'望江县');
insert into t_area(id,a_city_id,a_name) values(980,104,'岳西县');
insert into t_area(id,a_city_id,a_name) values(981,104,'桐城市');
insert into t_city(id,c_province_id,c_name) values(105,12,'黄山市');
insert into t_area(id,a_city_id,a_name) values(982,105,'屯溪区');
insert into t_area(id,a_city_id,a_name) values(983,105,'黄山区');
insert into t_area(id,a_city_id,a_name) values(984,105,'徽州区');
insert into t_area(id,a_city_id,a_name) values(985,105,'歙  县');
insert into t_area(id,a_city_id,a_name) values(986,105,'休宁县');
insert into t_area(id,a_city_id,a_name) values(987,105,'黟  县');
insert into t_area(id,a_city_id,a_name) values(988,105,'祁门县');
insert into t_city(id,c_province_id,c_name) values(106,12,'滁州市');
insert into t_area(id,a_city_id,a_name) values(989,106,'琅琊区');
insert into t_area(id,a_city_id,a_name) values(990,106,'南谯区');
insert into t_area(id,a_city_id,a_name) values(991,106,'来安县');
insert into t_area(id,a_city_id,a_name) values(992,106,'全椒县');
insert into t_area(id,a_city_id,a_name) values(993,106,'定远县');
insert into t_area(id,a_city_id,a_name) values(994,106,'凤阳县');
insert into t_area(id,a_city_id,a_name) values(995,106,'天长市');
insert into t_area(id,a_city_id,a_name) values(996,106,'明光市');
insert into t_city(id,c_province_id,c_name) values(107,12,'阜阳市');
insert into t_area(id,a_city_id,a_name) values(997,107,'颍州区');
insert into t_area(id,a_city_id,a_name) values(998,107,'颍东区');
insert into t_area(id,a_city_id,a_name) values(999,107,'颍泉区');
insert into t_area(id,a_city_id,a_name) values(1000,107,'临泉县');
insert into t_area(id,a_city_id,a_name) values(1001,107,'太和县');
insert into t_area(id,a_city_id,a_name) values(1002,107,'阜南县');
insert into t_area(id,a_city_id,a_name) values(1003,107,'颍上县');
insert into t_area(id,a_city_id,a_name) values(1004,107,'界首市');
insert into t_city(id,c_province_id,c_name) values(108,12,'宿州市');
insert into t_area(id,a_city_id,a_name) values(1005,108,'墉桥区');
insert into t_area(id,a_city_id,a_name) values(1006,108,'砀山县');
insert into t_area(id,a_city_id,a_name) values(1007,108,'萧  县');
insert into t_area(id,a_city_id,a_name) values(1008,108,'灵璧县');
insert into t_area(id,a_city_id,a_name) values(1009,108,'泗  县');
insert into t_city(id,c_province_id,c_name) values(109,12,'六安市');
insert into t_area(id,a_city_id,a_name) values(1010,109,'金安区');
insert into t_area(id,a_city_id,a_name) values(1011,109,'裕安区');
insert into t_area(id,a_city_id,a_name) values(1012,109,'寿  县');
insert into t_area(id,a_city_id,a_name) values(1013,109,'霍邱县');
insert into t_area(id,a_city_id,a_name) values(1014,109,'舒城县');
insert into t_area(id,a_city_id,a_name) values(1015,109,'金寨县');
insert into t_area(id,a_city_id,a_name) values(1016,109,'霍山县');
insert into t_city(id,c_province_id,c_name) values(110,12,'宣城市');
insert into t_area(id,a_city_id,a_name) values(1017,110,'宣州区');
insert into t_area(id,a_city_id,a_name) values(1018,110,'宁国市');
insert into t_area(id,a_city_id,a_name) values(1019,110,'郎溪县');
insert into t_area(id,a_city_id,a_name) values(1020,110,'广德县');
insert into t_area(id,a_city_id,a_name) values(1021,110,'泾  县');
insert into t_area(id,a_city_id,a_name) values(1022,110,'旌德县');
insert into t_area(id,a_city_id,a_name) values(1023,110,'绩溪县');
insert into t_city(id,c_province_id,c_name) values(111,12,'巢湖市');
insert into t_area(id,a_city_id,a_name) values(1024,111,'巢湖区');
insert into t_area(id,a_city_id,a_name) values(1025,111,'庐江县');
insert into t_area(id,a_city_id,a_name) values(1026,111,'无为县');
insert into t_area(id,a_city_id,a_name) values(1027,111,'含山县');
insert into t_area(id,a_city_id,a_name) values(1028,111,'和  县');
insert into t_city(id,c_province_id,c_name) values(112,12,'池州市');
insert into t_area(id,a_city_id,a_name) values(1029,112,'贵池区');
insert into t_area(id,a_city_id,a_name) values(1030,112,'东至县');
insert into t_area(id,a_city_id,a_name) values(1031,112,'石台县');
insert into t_area(id,a_city_id,a_name) values(1032,112,'青阳县');
insert into t_province(id,p_name) values(13,'福建省');
insert into t_city(id,c_province_id,c_name) values(113,13,'福州市');
insert into t_area(id,a_city_id,a_name) values(1033,113,'鼓楼区');
insert into t_area(id,a_city_id,a_name) values(1034,113,'台江区');
insert into t_area(id,a_city_id,a_name) values(1035,113,'仓山区');
insert into t_area(id,a_city_id,a_name) values(1036,113,'马尾区');
insert into t_area(id,a_city_id,a_name) values(1037,113,'晋安区');
insert into t_area(id,a_city_id,a_name) values(1038,113,'闽侯县');
insert into t_area(id,a_city_id,a_name) values(1039,113,'连江县');
insert into t_area(id,a_city_id,a_name) values(1040,113,'罗源县');
insert into t_area(id,a_city_id,a_name) values(1041,113,'闽清县');
insert into t_area(id,a_city_id,a_name) values(1042,113,'永泰县');
insert into t_area(id,a_city_id,a_name) values(1043,113,'平潭县');
insert into t_area(id,a_city_id,a_name) values(1044,113,'福清市');
insert into t_area(id,a_city_id,a_name) values(1045,113,'长乐市');
insert into t_city(id,c_province_id,c_name) values(114,13,'厦门市');
insert into t_area(id,a_city_id,a_name) values(1046,114,'思明区');
insert into t_area(id,a_city_id,a_name) values(1047,114,'海沧区');
insert into t_area(id,a_city_id,a_name) values(1048,114,'湖里区');
insert into t_area(id,a_city_id,a_name) values(1049,114,'集美区');
insert into t_area(id,a_city_id,a_name) values(1050,114,'同安区');
insert into t_area(id,a_city_id,a_name) values(1051,114,'翔安区');
insert into t_city(id,c_province_id,c_name) values(115,13,'宁德市');
insert into t_area(id,a_city_id,a_name) values(1052,115,'蕉城区');
insert into t_area(id,a_city_id,a_name) values(1053,115,'霞浦县');
insert into t_area(id,a_city_id,a_name) values(1054,115,'古田县');
insert into t_area(id,a_city_id,a_name) values(1055,115,'屏南县');
insert into t_area(id,a_city_id,a_name) values(1056,115,'寿宁县');
insert into t_area(id,a_city_id,a_name) values(1057,115,'周宁县');
insert into t_area(id,a_city_id,a_name) values(1058,115,'柘荣县');
insert into t_area(id,a_city_id,a_name) values(1059,115,'福安市');
insert into t_area(id,a_city_id,a_name) values(1060,115,'福鼎市');
insert into t_city(id,c_province_id,c_name) values(116,13,'莆田市');
insert into t_area(id,a_city_id,a_name) values(1061,116,'城厢区');
insert into t_area(id,a_city_id,a_name) values(1062,116,'涵江区');
insert into t_area(id,a_city_id,a_name) values(1063,116,'荔城区');
insert into t_area(id,a_city_id,a_name) values(1064,116,'秀屿区');
insert into t_area(id,a_city_id,a_name) values(1065,116,'仙游县');
insert into t_city(id,c_province_id,c_name) values(117,13,'泉州市');
insert into t_area(id,a_city_id,a_name) values(1066,117,'鲤城区');
insert into t_area(id,a_city_id,a_name) values(1067,117,'丰泽区');
insert into t_area(id,a_city_id,a_name) values(1068,117,'洛江区');
insert into t_area(id,a_city_id,a_name) values(1069,117,'泉港区');
insert into t_area(id,a_city_id,a_name) values(1070,117,'惠安县');
insert into t_area(id,a_city_id,a_name) values(1071,117,'安溪县');
insert into t_area(id,a_city_id,a_name) values(1072,117,'永春县');
insert into t_area(id,a_city_id,a_name) values(1073,117,'德化县');
insert into t_area(id,a_city_id,a_name) values(1074,117,'金门县');
insert into t_area(id,a_city_id,a_name) values(1075,117,'石狮市');
insert into t_area(id,a_city_id,a_name) values(1076,117,'晋江市');
insert into t_area(id,a_city_id,a_name) values(1077,117,'南安市');
insert into t_city(id,c_province_id,c_name) values(118,13,'漳州市');
insert into t_area(id,a_city_id,a_name) values(1078,118,'芗城区');
insert into t_area(id,a_city_id,a_name) values(1079,118,'龙文区');
insert into t_area(id,a_city_id,a_name) values(1080,118,'云霄县');
insert into t_area(id,a_city_id,a_name) values(1081,118,'漳浦县');
insert into t_area(id,a_city_id,a_name) values(1082,118,'诏安县');
insert into t_area(id,a_city_id,a_name) values(1083,118,'长泰县');
insert into t_area(id,a_city_id,a_name) values(1084,118,'东山县');
insert into t_area(id,a_city_id,a_name) values(1085,118,'南靖县');
insert into t_area(id,a_city_id,a_name) values(1086,118,'平和县');
insert into t_area(id,a_city_id,a_name) values(1087,118,'华安县');
insert into t_area(id,a_city_id,a_name) values(1088,118,'龙海市');
insert into t_city(id,c_province_id,c_name) values(119,13,'龙岩');
insert into t_area(id,a_city_id,a_name) values(1089,119,'新罗区');
insert into t_area(id,a_city_id,a_name) values(1090,119,'长汀县');
insert into t_area(id,a_city_id,a_name) values(1091,119,'永定县');
insert into t_area(id,a_city_id,a_name) values(1092,119,'上杭县');
insert into t_area(id,a_city_id,a_name) values(1093,119,'武平县');
insert into t_area(id,a_city_id,a_name) values(1094,119,'连城县');
insert into t_area(id,a_city_id,a_name) values(1095,119,'漳平市');
insert into t_city(id,c_province_id,c_name) values(120,13,'三明市');
insert into t_area(id,a_city_id,a_name) values(1096,120,'梅列区');
insert into t_area(id,a_city_id,a_name) values(1097,120,'三元区');
insert into t_area(id,a_city_id,a_name) values(1098,120,'明溪县');
insert into t_area(id,a_city_id,a_name) values(1099,120,'清流县');
insert into t_area(id,a_city_id,a_name) values(1100,120,'宁化县');
insert into t_area(id,a_city_id,a_name) values(1101,120,'大田县');
insert into t_area(id,a_city_id,a_name) values(1102,120,'尤溪县');
insert into t_area(id,a_city_id,a_name) values(1103,120,'沙　县');
insert into t_area(id,a_city_id,a_name) values(1104,120,'将乐县');
insert into t_area(id,a_city_id,a_name) values(1105,120,'泰宁县');
insert into t_area(id,a_city_id,a_name) values(1106,120,'建宁县');
insert into t_area(id,a_city_id,a_name) values(1107,120,'永安市');
insert into t_city(id,c_province_id,c_name) values(121,13,'南平市');
insert into t_area(id,a_city_id,a_name) values(1108,121,'延平区');
insert into t_area(id,a_city_id,a_name) values(1109,121,'顺昌县');
insert into t_area(id,a_city_id,a_name) values(1110,121,'浦城县');
insert into t_area(id,a_city_id,a_name) values(1111,121,'光泽县');
insert into t_area(id,a_city_id,a_name) values(1112,121,'松溪县');
insert into t_area(id,a_city_id,a_name) values(1113,121,'政和县');
insert into t_area(id,a_city_id,a_name) values(1114,121,'邵武市');
insert into t_area(id,a_city_id,a_name) values(1115,121,'武夷山市');
insert into t_area(id,a_city_id,a_name) values(1116,121,'建瓯市');
insert into t_area(id,a_city_id,a_name) values(1117,121,'建阳市');
insert into t_province(id,p_name) values(14,'江西省');
insert into t_city(id,c_province_id,c_name) values(122,14,'南昌市');
insert into t_area(id,a_city_id,a_name) values(1118,122,'东湖区');
insert into t_area(id,a_city_id,a_name) values(1119,122,'西湖区');
insert into t_area(id,a_city_id,a_name) values(1120,122,'青云谱区');
insert into t_area(id,a_city_id,a_name) values(1121,122,'湾里区');
insert into t_area(id,a_city_id,a_name) values(1122,122,'郊  区');
insert into t_area(id,a_city_id,a_name) values(1123,122,'南昌县');
insert into t_area(id,a_city_id,a_name) values(1124,122,'新建县');
insert into t_area(id,a_city_id,a_name) values(1125,122,'安义县');
insert into t_area(id,a_city_id,a_name) values(1126,122,'进贤县');
insert into t_city(id,c_province_id,c_name) values(123,14,'景德镇市');
insert into t_area(id,a_city_id,a_name) values(1127,123,'昌江区');
insert into t_area(id,a_city_id,a_name) values(1128,123,'珠山区');
insert into t_area(id,a_city_id,a_name) values(1129,123,'浮梁县');
insert into t_area(id,a_city_id,a_name) values(1130,123,'乐平市');
insert into t_city(id,c_province_id,c_name) values(124,14,'萍乡市');
insert into t_area(id,a_city_id,a_name) values(1131,124,'安源区');
insert into t_area(id,a_city_id,a_name) values(1132,124,'湘东区');
insert into t_area(id,a_city_id,a_name) values(1133,124,'莲花县');
insert into t_area(id,a_city_id,a_name) values(1134,124,'上栗县');
insert into t_area(id,a_city_id,a_name) values(1135,124,'芦溪县');
insert into t_city(id,c_province_id,c_name) values(125,14,'九江市');
insert into t_area(id,a_city_id,a_name) values(1136,125,'庐山区');
insert into t_area(id,a_city_id,a_name) values(1137,125,'浔阳区');
insert into t_area(id,a_city_id,a_name) values(1138,125,'九江县');
insert into t_area(id,a_city_id,a_name) values(1139,125,'武宁县');
insert into t_area(id,a_city_id,a_name) values(1140,125,'修水县');
insert into t_area(id,a_city_id,a_name) values(1141,125,'永修县');
insert into t_area(id,a_city_id,a_name) values(1142,125,'德安县');
insert into t_area(id,a_city_id,a_name) values(1143,125,'星子县');
insert into t_area(id,a_city_id,a_name) values(1144,125,'都昌县');
insert into t_area(id,a_city_id,a_name) values(1145,125,'湖口县');
insert into t_area(id,a_city_id,a_name) values(1146,125,'彭泽县');
insert into t_area(id,a_city_id,a_name) values(1147,125,'瑞昌市');
insert into t_city(id,c_province_id,c_name) values(126,14,'新余市');
insert into t_area(id,a_city_id,a_name) values(1148,126,'渝水区');
insert into t_area(id,a_city_id,a_name) values(1149,126,'分宜县');
insert into t_city(id,c_province_id,c_name) values(127,14,'鹰潭市');
insert into t_area(id,a_city_id,a_name) values(1150,127,'月湖区');
insert into t_area(id,a_city_id,a_name) values(1151,127,'余江县');
insert into t_area(id,a_city_id,a_name) values(1152,127,'贵溪市');
insert into t_city(id,c_province_id,c_name) values(128,14,'赣州市');
insert into t_area(id,a_city_id,a_name) values(1153,128,'章贡区');
insert into t_area(id,a_city_id,a_name) values(1154,128,'赣  县');
insert into t_area(id,a_city_id,a_name) values(1155,128,'信丰县');
insert into t_area(id,a_city_id,a_name) values(1156,128,'大余县');
insert into t_area(id,a_city_id,a_name) values(1157,128,'上犹县');
insert into t_area(id,a_city_id,a_name) values(1158,128,'崇义县');
insert into t_area(id,a_city_id,a_name) values(1159,128,'安远县');
insert into t_area(id,a_city_id,a_name) values(1160,128,'龙南县');
insert into t_area(id,a_city_id,a_name) values(1161,128,'定南县');
insert into t_area(id,a_city_id,a_name) values(1162,128,'全南县');
insert into t_area(id,a_city_id,a_name) values(1163,128,'宁都县');
insert into t_area(id,a_city_id,a_name) values(1164,128,'于都县');
insert into t_area(id,a_city_id,a_name) values(1165,128,'兴国县');
insert into t_area(id,a_city_id,a_name) values(1166,128,'会昌县');
insert into t_area(id,a_city_id,a_name) values(1167,128,'寻乌县');
insert into t_area(id,a_city_id,a_name) values(1168,128,'石城县');
insert into t_area(id,a_city_id,a_name) values(1169,128,'瑞金市');
insert into t_area(id,a_city_id,a_name) values(1170,128,'南康市');
insert into t_city(id,c_province_id,c_name) values(129,14,'宜春市');
insert into t_area(id,a_city_id,a_name) values(1171,129,'宜春市');
insert into t_area(id,a_city_id,a_name) values(1172,129,'丰城市');
insert into t_area(id,a_city_id,a_name) values(1173,129,'樟树市');
insert into t_area(id,a_city_id,a_name) values(1174,129,'高安市');
insert into t_area(id,a_city_id,a_name) values(1175,129,'奉新县');
insert into t_area(id,a_city_id,a_name) values(1176,129,'万载县');
insert into t_area(id,a_city_id,a_name) values(1177,129,'上高县');
insert into t_area(id,a_city_id,a_name) values(1178,129,'宜丰县');
insert into t_area(id,a_city_id,a_name) values(1179,129,'靖安县');
insert into t_area(id,a_city_id,a_name) values(1180,129,'铜鼓县');
insert into t_city(id,c_province_id,c_name) values(130,14,'上饶市');
insert into t_area(id,a_city_id,a_name) values(1181,130,'上饶市');
insert into t_area(id,a_city_id,a_name) values(1182,130,'德兴市');
insert into t_area(id,a_city_id,a_name) values(1183,130,'上饶县');
insert into t_area(id,a_city_id,a_name) values(1184,130,'广丰县');
insert into t_area(id,a_city_id,a_name) values(1185,130,'玉山县');
insert into t_area(id,a_city_id,a_name) values(1186,130,'铅山县');
insert into t_area(id,a_city_id,a_name) values(1187,130,'横峰县');
insert into t_area(id,a_city_id,a_name) values(1188,130,'弋阳县');
insert into t_area(id,a_city_id,a_name) values(1189,130,'余干县');
insert into t_area(id,a_city_id,a_name) values(1190,130,'波阳县');
insert into t_area(id,a_city_id,a_name) values(1191,130,'万年县');
insert into t_area(id,a_city_id,a_name) values(1192,130,'婺源县');
insert into t_city(id,c_province_id,c_name) values(131,14,'吉安市');
insert into t_area(id,a_city_id,a_name) values(1193,131,'吉安市');
insert into t_area(id,a_city_id,a_name) values(1194,131,'井冈山市');
insert into t_area(id,a_city_id,a_name) values(1195,131,'吉安县');
insert into t_area(id,a_city_id,a_name) values(1196,131,'吉水县');
insert into t_area(id,a_city_id,a_name) values(1197,131,'峡江县');
insert into t_area(id,a_city_id,a_name) values(1198,131,'新干县');
insert into t_area(id,a_city_id,a_name) values(1199,131,'永丰县');
insert into t_area(id,a_city_id,a_name) values(1200,131,'泰和县');
insert into t_area(id,a_city_id,a_name) values(1201,131,'遂川县');
insert into t_area(id,a_city_id,a_name) values(1202,131,'万安县');
insert into t_area(id,a_city_id,a_name) values(1203,131,'安福县');
insert into t_area(id,a_city_id,a_name) values(1204,131,'永新县');
insert into t_area(id,a_city_id,a_name) values(1205,131,'宁冈县');
insert into t_city(id,c_province_id,c_name) values(132,14,'抚州市');
insert into t_area(id,a_city_id,a_name) values(1206,132,'临川市');
insert into t_area(id,a_city_id,a_name) values(1207,132,'南城县');
insert into t_area(id,a_city_id,a_name) values(1208,132,'黎川县');
insert into t_area(id,a_city_id,a_name) values(1209,132,'南丰县');
insert into t_area(id,a_city_id,a_name) values(1210,132,'崇仁县');
insert into t_area(id,a_city_id,a_name) values(1211,132,'乐安县');
insert into t_area(id,a_city_id,a_name) values(1212,132,'宜黄县');
insert into t_area(id,a_city_id,a_name) values(1213,132,'金溪县');
insert into t_area(id,a_city_id,a_name) values(1214,132,'资溪县');
insert into t_area(id,a_city_id,a_name) values(1215,132,'东乡县');
insert into t_area(id,a_city_id,a_name) values(1216,132,'广昌县');
insert into t_province(id,p_name) values(15,'山东省');
insert into t_city(id,c_province_id,c_name) values(133,15,'济南市');
insert into t_area(id,a_city_id,a_name) values(1217,133,'历下区');
insert into t_area(id,a_city_id,a_name) values(1218,133,'市中区');
insert into t_area(id,a_city_id,a_name) values(1219,133,'槐荫区');
insert into t_area(id,a_city_id,a_name) values(1220,133,'天桥区');
insert into t_area(id,a_city_id,a_name) values(1221,133,'历城区');
insert into t_area(id,a_city_id,a_name) values(1222,133,'长清县');
insert into t_area(id,a_city_id,a_name) values(1223,133,'平阴县');
insert into t_area(id,a_city_id,a_name) values(1224,133,'济阳县');
insert into t_area(id,a_city_id,a_name) values(1225,133,'商河县');
insert into t_area(id,a_city_id,a_name) values(1226,133,'章丘市');
insert into t_city(id,c_province_id,c_name) values(134,15,'青岛市');
insert into t_area(id,a_city_id,a_name) values(1227,134,'市南区');
insert into t_area(id,a_city_id,a_name) values(1228,134,'市北区');
insert into t_area(id,a_city_id,a_name) values(1229,134,'四方区');
insert into t_area(id,a_city_id,a_name) values(1230,134,'黄岛区');
insert into t_area(id,a_city_id,a_name) values(1231,134,'崂山区');
insert into t_area(id,a_city_id,a_name) values(1232,134,'李沧区');
insert into t_area(id,a_city_id,a_name) values(1233,134,'城阳区');
insert into t_area(id,a_city_id,a_name) values(1234,134,'胶州市');
insert into t_area(id,a_city_id,a_name) values(1235,134,'即墨市');
insert into t_area(id,a_city_id,a_name) values(1236,134,'平度市');
insert into t_area(id,a_city_id,a_name) values(1237,134,'胶南市');
insert into t_area(id,a_city_id,a_name) values(1238,134,'莱西市');
insert into t_city(id,c_province_id,c_name) values(135,15,'淄博市');
insert into t_area(id,a_city_id,a_name) values(1239,135,'淄川区');
insert into t_area(id,a_city_id,a_name) values(1240,135,'张店区');
insert into t_area(id,a_city_id,a_name) values(1241,135,'博山区');
insert into t_area(id,a_city_id,a_name) values(1242,135,'临淄区');
insert into t_area(id,a_city_id,a_name) values(1243,135,'周村区');
insert into t_area(id,a_city_id,a_name) values(1244,135,'桓台县');
insert into t_area(id,a_city_id,a_name) values(1245,135,'高青县');
insert into t_area(id,a_city_id,a_name) values(1246,135,'沂源县');
insert into t_city(id,c_province_id,c_name) values(136,15,'枣庄市');
insert into t_area(id,a_city_id,a_name) values(1247,136,'市中区');
insert into t_area(id,a_city_id,a_name) values(1248,136,'薛城区');
insert into t_area(id,a_city_id,a_name) values(1249,136,'峄城区');
insert into t_area(id,a_city_id,a_name) values(1250,136,'台儿庄区');
insert into t_area(id,a_city_id,a_name) values(1251,136,'山亭区');
insert into t_area(id,a_city_id,a_name) values(1252,136,'滕州市');
insert into t_city(id,c_province_id,c_name) values(137,15,'东营市');
insert into t_area(id,a_city_id,a_name) values(1253,137,'东营区');
insert into t_area(id,a_city_id,a_name) values(1254,137,'河口区');
insert into t_area(id,a_city_id,a_name) values(1255,137,'垦利县');
insert into t_area(id,a_city_id,a_name) values(1256,137,'利津县');
insert into t_area(id,a_city_id,a_name) values(1257,137,'广饶县');
insert into t_city(id,c_province_id,c_name) values(138,15,'烟台市');
insert into t_area(id,a_city_id,a_name) values(1258,138,'芝罘区');
insert into t_area(id,a_city_id,a_name) values(1259,138,'福山区');
insert into t_area(id,a_city_id,a_name) values(1260,138,'牟平区');
insert into t_area(id,a_city_id,a_name) values(1261,138,'莱山区');
insert into t_area(id,a_city_id,a_name) values(1262,138,'长岛县');
insert into t_area(id,a_city_id,a_name) values(1263,138,'龙口市');
insert into t_area(id,a_city_id,a_name) values(1264,138,'莱阳市');
insert into t_area(id,a_city_id,a_name) values(1265,138,'莱州市');
insert into t_area(id,a_city_id,a_name) values(1266,138,'蓬莱市');
insert into t_area(id,a_city_id,a_name) values(1267,138,'招远市');
insert into t_area(id,a_city_id,a_name) values(1268,138,'栖霞市');
insert into t_area(id,a_city_id,a_name) values(1269,138,'海阳市');
insert into t_city(id,c_province_id,c_name) values(139,15,'潍坊市');
insert into t_area(id,a_city_id,a_name) values(1270,139,'潍城区');
insert into t_area(id,a_city_id,a_name) values(1271,139,'寒亭区');
insert into t_area(id,a_city_id,a_name) values(1272,139,'坊子区');
insert into t_area(id,a_city_id,a_name) values(1273,139,'奎文区');
insert into t_area(id,a_city_id,a_name) values(1274,139,'临朐县');
insert into t_area(id,a_city_id,a_name) values(1275,139,'昌乐县');
insert into t_area(id,a_city_id,a_name) values(1276,139,'青州市');
insert into t_area(id,a_city_id,a_name) values(1277,139,'诸城市');
insert into t_area(id,a_city_id,a_name) values(1278,139,'寿光市');
insert into t_area(id,a_city_id,a_name) values(1279,139,'安丘市');
insert into t_area(id,a_city_id,a_name) values(1280,139,'高密市');
insert into t_area(id,a_city_id,a_name) values(1281,139,'昌邑市');
insert into t_city(id,c_province_id,c_name) values(140,15,'济宁市');
insert into t_area(id,a_city_id,a_name) values(1282,140,'市中区');
insert into t_area(id,a_city_id,a_name) values(1283,140,'任城区');
insert into t_area(id,a_city_id,a_name) values(1284,140,'微山县');
insert into t_area(id,a_city_id,a_name) values(1285,140,'鱼台县');
insert into t_area(id,a_city_id,a_name) values(1286,140,'金乡县');
insert into t_area(id,a_city_id,a_name) values(1287,140,'嘉祥县');
insert into t_area(id,a_city_id,a_name) values(1288,140,'汶上县');
insert into t_area(id,a_city_id,a_name) values(1289,140,'泗水县');
insert into t_area(id,a_city_id,a_name) values(1290,140,'梁山县');
insert into t_area(id,a_city_id,a_name) values(1291,140,'曲阜市');
insert into t_area(id,a_city_id,a_name) values(1292,140,'兖州市');
insert into t_area(id,a_city_id,a_name) values(1293,140,'邹城市');
insert into t_city(id,c_province_id,c_name) values(141,15,'泰安市');
insert into t_area(id,a_city_id,a_name) values(1294,141,'泰山区');
insert into t_area(id,a_city_id,a_name) values(1295,141,'郊  区');
insert into t_area(id,a_city_id,a_name) values(1296,141,'宁阳县');
insert into t_area(id,a_city_id,a_name) values(1297,141,'东平县');
insert into t_area(id,a_city_id,a_name) values(1298,141,'新泰市');
insert into t_area(id,a_city_id,a_name) values(1299,141,'肥城市');
insert into t_city(id,c_province_id,c_name) values(142,15,'威海市');
insert into t_area(id,a_city_id,a_name) values(1300,142,'环翠区');
insert into t_area(id,a_city_id,a_name) values(1301,142,'文登市');
insert into t_area(id,a_city_id,a_name) values(1302,142,'荣成市');
insert into t_area(id,a_city_id,a_name) values(1303,142,'乳山市');
insert into t_city(id,c_province_id,c_name) values(143,15,'日照市');
insert into t_area(id,a_city_id,a_name) values(1304,143,'东港区');
insert into t_area(id,a_city_id,a_name) values(1305,143,'岚山区');
insert into t_area(id,a_city_id,a_name) values(1306,143,'五莲县');
insert into t_area(id,a_city_id,a_name) values(1307,143,'莒  县');
insert into t_city(id,c_province_id,c_name) values(144,15,'莱芜市');
insert into t_area(id,a_city_id,a_name) values(1308,144,'莱城区');
insert into t_area(id,a_city_id,a_name) values(1309,144,'钢城区');
insert into t_city(id,c_province_id,c_name) values(145,15,'临沂市');
insert into t_area(id,a_city_id,a_name) values(1310,145,'兰山区');
insert into t_area(id,a_city_id,a_name) values(1311,145,'罗庄区');
insert into t_area(id,a_city_id,a_name) values(1312,145,'河东区');
insert into t_area(id,a_city_id,a_name) values(1313,145,'沂南县');
insert into t_area(id,a_city_id,a_name) values(1314,145,'郯城县');
insert into t_area(id,a_city_id,a_name) values(1315,145,'沂水县');
insert into t_area(id,a_city_id,a_name) values(1316,145,'苍山县');
insert into t_area(id,a_city_id,a_name) values(1317,145,'费  县');
insert into t_area(id,a_city_id,a_name) values(1318,145,'平邑县');
insert into t_area(id,a_city_id,a_name) values(1319,145,'莒南县');
insert into t_area(id,a_city_id,a_name) values(1320,145,'蒙阴县');
insert into t_area(id,a_city_id,a_name) values(1321,145,'临沭县');
insert into t_city(id,c_province_id,c_name) values(146,15,'德州市');
insert into t_area(id,a_city_id,a_name) values(1322,146,'德城区');
insert into t_area(id,a_city_id,a_name) values(1323,146,'陵  县');
insert into t_area(id,a_city_id,a_name) values(1324,146,'宁津县');
insert into t_area(id,a_city_id,a_name) values(1325,146,'庆云县');
insert into t_area(id,a_city_id,a_name) values(1326,146,'临邑县');
insert into t_area(id,a_city_id,a_name) values(1327,146,'齐河县');
insert into t_area(id,a_city_id,a_name) values(1328,146,'平原县');
insert into t_area(id,a_city_id,a_name) values(1329,146,'夏津县');
insert into t_area(id,a_city_id,a_name) values(1330,146,'武城县');
insert into t_area(id,a_city_id,a_name) values(1331,146,'乐陵市');
insert into t_area(id,a_city_id,a_name) values(1332,146,'禹城市');
insert into t_city(id,c_province_id,c_name) values(147,15,'聊城市');
insert into t_area(id,a_city_id,a_name) values(1333,147,'东昌府区');
insert into t_area(id,a_city_id,a_name) values(1334,147,'阳谷县');
insert into t_area(id,a_city_id,a_name) values(1335,147,'莘  县');
insert into t_area(id,a_city_id,a_name) values(1336,147,'茌平县');
insert into t_area(id,a_city_id,a_name) values(1337,147,'东阿县');
insert into t_area(id,a_city_id,a_name) values(1338,147,'冠  县');
insert into t_area(id,a_city_id,a_name) values(1339,147,'高唐县');
insert into t_area(id,a_city_id,a_name) values(1340,147,'临清市');
insert into t_city(id,c_province_id,c_name) values(148,15,'滨州地区');
insert into t_area(id,a_city_id,a_name) values(1341,148,'滨州市');
insert into t_area(id,a_city_id,a_name) values(1342,148,'惠民县');
insert into t_area(id,a_city_id,a_name) values(1343,148,'阳信县');
insert into t_area(id,a_city_id,a_name) values(1344,148,'无棣县');
insert into t_area(id,a_city_id,a_name) values(1345,148,'沾化县');
insert into t_area(id,a_city_id,a_name) values(1346,148,'博兴县');
insert into t_area(id,a_city_id,a_name) values(1347,148,'邹平县');
insert into t_city(id,c_province_id,c_name) values(149,15,'菏泽地区');
insert into t_area(id,a_city_id,a_name) values(1348,149,'菏泽市');
insert into t_area(id,a_city_id,a_name) values(1349,149,'曹  县');
insert into t_area(id,a_city_id,a_name) values(1350,149,'定陶县');
insert into t_area(id,a_city_id,a_name) values(1351,149,'成武县');
insert into t_area(id,a_city_id,a_name) values(1352,149,'单  县');
insert into t_area(id,a_city_id,a_name) values(1353,149,'巨野县');
insert into t_area(id,a_city_id,a_name) values(1354,149,'郓城县');
insert into t_area(id,a_city_id,a_name) values(1355,149,'鄄城县');
insert into t_area(id,a_city_id,a_name) values(1356,149,'东明县');
insert into t_province(id,p_name) values(16,'河南省');
insert into t_city(id,c_province_id,c_name) values(150,16,'郑州市');
insert into t_area(id,a_city_id,a_name) values(1357,150,'中原区');
insert into t_area(id,a_city_id,a_name) values(1358,150,'二七区');
insert into t_area(id,a_city_id,a_name) values(1359,150,'管城回族区');
insert into t_area(id,a_city_id,a_name) values(1360,150,'金水区');
insert into t_area(id,a_city_id,a_name) values(1361,150,'上街区');
insert into t_area(id,a_city_id,a_name) values(1362,150,'邙山区');
insert into t_area(id,a_city_id,a_name) values(1363,150,'中牟县');
insert into t_area(id,a_city_id,a_name) values(1364,150,'巩义市');
insert into t_area(id,a_city_id,a_name) values(1365,150,'荥阳市');
insert into t_area(id,a_city_id,a_name) values(1366,150,'新密市');
insert into t_area(id,a_city_id,a_name) values(1367,150,'新郑市');
insert into t_area(id,a_city_id,a_name) values(1368,150,'登封市');
insert into t_city(id,c_province_id,c_name) values(151,16,'开封市');
insert into t_area(id,a_city_id,a_name) values(1369,151,'龙亭区');
insert into t_area(id,a_city_id,a_name) values(1370,151,'顺河回族区');
insert into t_area(id,a_city_id,a_name) values(1371,151,'鼓楼区');
insert into t_area(id,a_city_id,a_name) values(1372,151,'南关区');
insert into t_area(id,a_city_id,a_name) values(1373,151,'郊  区');
insert into t_area(id,a_city_id,a_name) values(1374,151,'杞  县');
insert into t_area(id,a_city_id,a_name) values(1375,151,'通许县');
insert into t_area(id,a_city_id,a_name) values(1376,151,'尉氏县');
insert into t_area(id,a_city_id,a_name) values(1377,151,'开封县');
insert into t_area(id,a_city_id,a_name) values(1378,151,'兰考县');
insert into t_city(id,c_province_id,c_name) values(152,16,'洛阳市');
insert into t_area(id,a_city_id,a_name) values(1379,152,'老城区');
insert into t_area(id,a_city_id,a_name) values(1380,152,'西工区');
insert into t_area(id,a_city_id,a_name) values(1381,152,'廛河回族区');
insert into t_area(id,a_city_id,a_name) values(1382,152,'涧西区');
insert into t_area(id,a_city_id,a_name) values(1383,152,'吉利区');
insert into t_area(id,a_city_id,a_name) values(1384,152,'郊  区');
insert into t_area(id,a_city_id,a_name) values(1385,152,'孟津县');
insert into t_area(id,a_city_id,a_name) values(1386,152,'新安县');
insert into t_area(id,a_city_id,a_name) values(1387,152,'栾川县');
insert into t_area(id,a_city_id,a_name) values(1388,152,'嵩  县');
insert into t_area(id,a_city_id,a_name) values(1389,152,'汝阳县');
insert into t_area(id,a_city_id,a_name) values(1390,152,'宜阳县');
insert into t_area(id,a_city_id,a_name) values(1391,152,'洛宁县');
insert into t_area(id,a_city_id,a_name) values(1392,152,'伊川县');
insert into t_area(id,a_city_id,a_name) values(1393,152,'偃师市');
insert into t_city(id,c_province_id,c_name) values(153,16,'平顶山市');
insert into t_area(id,a_city_id,a_name) values(1394,153,'新华区');
insert into t_area(id,a_city_id,a_name) values(1395,153,'卫东区');
insert into t_area(id,a_city_id,a_name) values(1396,153,'石龙区');
insert into t_area(id,a_city_id,a_name) values(1397,153,'湛河区');
insert into t_area(id,a_city_id,a_name) values(1398,153,'宝丰县');
insert into t_area(id,a_city_id,a_name) values(1399,153,'叶  县');
insert into t_area(id,a_city_id,a_name) values(1400,153,'鲁山县');
insert into t_area(id,a_city_id,a_name) values(1401,153,'郏  县');
insert into t_area(id,a_city_id,a_name) values(1402,153,'舞钢市');
insert into t_area(id,a_city_id,a_name) values(1403,153,'汝州市');
insert into t_city(id,c_province_id,c_name) values(154,16,'安阳市');
insert into t_area(id,a_city_id,a_name) values(1404,154,'文峰区');
insert into t_area(id,a_city_id,a_name) values(1405,154,'北关区');
insert into t_area(id,a_city_id,a_name) values(1406,154,'铁西区');
insert into t_area(id,a_city_id,a_name) values(1407,154,'郊  区');
insert into t_area(id,a_city_id,a_name) values(1408,154,'安阳县');
insert into t_area(id,a_city_id,a_name) values(1409,154,'汤阴县');
insert into t_area(id,a_city_id,a_name) values(1410,154,'滑  县');
insert into t_area(id,a_city_id,a_name) values(1411,154,'内黄县');
insert into t_area(id,a_city_id,a_name) values(1412,154,'林州市');
insert into t_city(id,c_province_id,c_name) values(155,16,'鹤壁市');
insert into t_area(id,a_city_id,a_name) values(1413,155,'鹤山区');
insert into t_area(id,a_city_id,a_name) values(1414,155,'山城区');
insert into t_area(id,a_city_id,a_name) values(1415,155,'郊  区');
insert into t_area(id,a_city_id,a_name) values(1416,155,'浚  县');
insert into t_area(id,a_city_id,a_name) values(1417,155,'淇  县');
insert into t_city(id,c_province_id,c_name) values(156,16,'新乡市');
insert into t_area(id,a_city_id,a_name) values(1418,156,'红旗区');
insert into t_area(id,a_city_id,a_name) values(1419,156,'新华区');
insert into t_area(id,a_city_id,a_name) values(1420,156,'北站区');
insert into t_area(id,a_city_id,a_name) values(1421,156,'郊  区');
insert into t_area(id,a_city_id,a_name) values(1422,156,'新乡县');
insert into t_area(id,a_city_id,a_name) values(1423,156,'获嘉县');
insert into t_area(id,a_city_id,a_name) values(1424,156,'原阳县');
insert into t_area(id,a_city_id,a_name) values(1425,156,'延津县');
insert into t_area(id,a_city_id,a_name) values(1426,156,'封丘县');
insert into t_area(id,a_city_id,a_name) values(1427,156,'长垣县');
insert into t_area(id,a_city_id,a_name) values(1428,156,'卫辉市');
insert into t_area(id,a_city_id,a_name) values(1429,156,'辉县市');
insert into t_city(id,c_province_id,c_name) values(157,16,'焦作市');
insert into t_area(id,a_city_id,a_name) values(1430,157,'解放区');
insert into t_area(id,a_city_id,a_name) values(1431,157,'中站区');
insert into t_area(id,a_city_id,a_name) values(1432,157,'马村区');
insert into t_area(id,a_city_id,a_name) values(1433,157,'山阳区');
insert into t_area(id,a_city_id,a_name) values(1434,157,'修武县');
insert into t_area(id,a_city_id,a_name) values(1435,157,'博爱县');
insert into t_area(id,a_city_id,a_name) values(1436,157,'武陟县');
insert into t_area(id,a_city_id,a_name) values(1437,157,'温  县');
insert into t_area(id,a_city_id,a_name) values(1438,157,'沁阳市');
insert into t_area(id,a_city_id,a_name) values(1439,157,'孟州市');
insert into t_city(id,c_province_id,c_name) values(158,16,'濮阳市');
insert into t_area(id,a_city_id,a_name) values(1440,158,'华龙区');
insert into t_area(id,a_city_id,a_name) values(1441,158,'清丰县');
insert into t_area(id,a_city_id,a_name) values(1442,158,'南乐县');
insert into t_area(id,a_city_id,a_name) values(1443,158,'范  县');
insert into t_area(id,a_city_id,a_name) values(1444,158,'台前县');
insert into t_area(id,a_city_id,a_name) values(1445,158,'濮阳县');
insert into t_city(id,c_province_id,c_name) values(159,16,'许昌市');
insert into t_area(id,a_city_id,a_name) values(1446,159,'魏都区');
insert into t_area(id,a_city_id,a_name) values(1447,159,'许昌县');
insert into t_area(id,a_city_id,a_name) values(1448,159,'鄢陵县');
insert into t_area(id,a_city_id,a_name) values(1449,159,'襄城县');
insert into t_area(id,a_city_id,a_name) values(1450,159,'禹州市');
insert into t_area(id,a_city_id,a_name) values(1451,159,'长葛市');
insert into t_city(id,c_province_id,c_name) values(160,16,'漯河市');
insert into t_area(id,a_city_id,a_name) values(1452,160,'源汇区');
insert into t_area(id,a_city_id,a_name) values(1453,160,'郾城区');
insert into t_area(id,a_city_id,a_name) values(1454,160,'召陵区');
insert into t_area(id,a_city_id,a_name) values(1455,160,'舞阳县');
insert into t_area(id,a_city_id,a_name) values(1456,160,'临颍县');
insert into t_city(id,c_province_id,c_name) values(161,16,'三门峡市');
insert into t_area(id,a_city_id,a_name) values(1457,161,'湖滨区');
insert into t_area(id,a_city_id,a_name) values(1458,161,'渑池县');
insert into t_area(id,a_city_id,a_name) values(1459,161,'陕  县');
insert into t_area(id,a_city_id,a_name) values(1460,161,'卢氏县');
insert into t_area(id,a_city_id,a_name) values(1461,161,'义马市');
insert into t_area(id,a_city_id,a_name) values(1462,161,'灵宝市');
insert into t_city(id,c_province_id,c_name) values(162,16,'南阳市');
insert into t_area(id,a_city_id,a_name) values(1463,162,'宛城区');
insert into t_area(id,a_city_id,a_name) values(1464,162,'卧龙区');
insert into t_area(id,a_city_id,a_name) values(1465,162,'南召县');
insert into t_area(id,a_city_id,a_name) values(1466,162,'方城县');
insert into t_area(id,a_city_id,a_name) values(1467,162,'西峡县');
insert into t_area(id,a_city_id,a_name) values(1468,162,'镇平县');
insert into t_area(id,a_city_id,a_name) values(1469,162,'内乡县');
insert into t_area(id,a_city_id,a_name) values(1470,162,'淅川县');
insert into t_area(id,a_city_id,a_name) values(1471,162,'社旗县');
insert into t_area(id,a_city_id,a_name) values(1472,162,'唐河县');
insert into t_area(id,a_city_id,a_name) values(1473,162,'新野县');
insert into t_area(id,a_city_id,a_name) values(1474,162,'桐柏县');
insert into t_area(id,a_city_id,a_name) values(1475,162,'邓州市');
insert into t_city(id,c_province_id,c_name) values(163,16,'商丘市');
insert into t_area(id,a_city_id,a_name) values(1476,163,'梁园区');
insert into t_area(id,a_city_id,a_name) values(1477,163,'睢阳区');
insert into t_area(id,a_city_id,a_name) values(1478,163,'民权县');
insert into t_area(id,a_city_id,a_name) values(1479,163,'睢  县');
insert into t_area(id,a_city_id,a_name) values(1480,163,'宁陵县');
insert into t_area(id,a_city_id,a_name) values(1481,163,'柘城县');
insert into t_area(id,a_city_id,a_name) values(1482,163,'虞城县');
insert into t_area(id,a_city_id,a_name) values(1483,163,'夏邑县');
insert into t_area(id,a_city_id,a_name) values(1484,163,'永城市');
insert into t_city(id,c_province_id,c_name) values(164,16,'信阳市');
insert into t_area(id,a_city_id,a_name) values(1485,164,'浉河区');
insert into t_area(id,a_city_id,a_name) values(1486,164,'平桥区');
insert into t_area(id,a_city_id,a_name) values(1487,164,'罗山县');
insert into t_area(id,a_city_id,a_name) values(1488,164,'光山县');
insert into t_area(id,a_city_id,a_name) values(1489,164,'新  县');
insert into t_area(id,a_city_id,a_name) values(1490,164,'商城县');
insert into t_area(id,a_city_id,a_name) values(1491,164,'固始县');
insert into t_area(id,a_city_id,a_name) values(1492,164,'潢川县');
insert into t_area(id,a_city_id,a_name) values(1493,164,'淮滨县');
insert into t_area(id,a_city_id,a_name) values(1494,164,'息  县');
insert into t_city(id,c_province_id,c_name) values(165,16,'周口市');
insert into t_area(id,a_city_id,a_name) values(1495,165,'周口市');
insert into t_area(id,a_city_id,a_name) values(1496,165,'项城市');
insert into t_area(id,a_city_id,a_name) values(1497,165,'扶沟县');
insert into t_area(id,a_city_id,a_name) values(1498,165,'西华县');
insert into t_area(id,a_city_id,a_name) values(1499,165,'商水县');
insert into t_area(id,a_city_id,a_name) values(1500,165,'太康县');
insert into t_area(id,a_city_id,a_name) values(1501,165,'鹿邑县');
insert into t_area(id,a_city_id,a_name) values(1502,165,'郸城县');
insert into t_area(id,a_city_id,a_name) values(1503,165,'淮阳县');
insert into t_area(id,a_city_id,a_name) values(1504,165,'沈丘县');
insert into t_city(id,c_province_id,c_name) values(166,16,'驻马店地区');
insert into t_area(id,a_city_id,a_name) values(1505,166,'驻马店市');
insert into t_area(id,a_city_id,a_name) values(1506,166,'确山县');
insert into t_area(id,a_city_id,a_name) values(1507,166,'泌阳县');
insert into t_area(id,a_city_id,a_name) values(1508,166,'遂平县');
insert into t_area(id,a_city_id,a_name) values(1509,166,'西平县');
insert into t_area(id,a_city_id,a_name) values(1510,166,'上蔡县');
insert into t_area(id,a_city_id,a_name) values(1511,166,'汝南县');
insert into t_area(id,a_city_id,a_name) values(1512,166,'平舆县');
insert into t_area(id,a_city_id,a_name) values(1513,166,'新蔡县');
insert into t_area(id,a_city_id,a_name) values(1514,166,'正阳县');
insert into t_city(id,c_province_id,c_name) values(167,16,'省直辖行政单位');
insert into t_area(id,a_city_id,a_name) values(1515,167,'济源市');
insert into t_province(id,p_name) values(17,'湖北省');
insert into t_city(id,c_province_id,c_name) values(168,17,'武汉市');
insert into t_area(id,a_city_id,a_name) values(1516,168,'江岸区');
insert into t_area(id,a_city_id,a_name) values(1517,168,'江汉区');
insert into t_area(id,a_city_id,a_name) values(1518,168,'乔口区');
insert into t_area(id,a_city_id,a_name) values(1519,168,'汉阳区');
insert into t_area(id,a_city_id,a_name) values(1520,168,'武昌区');
insert into t_area(id,a_city_id,a_name) values(1521,168,'青山区');
insert into t_area(id,a_city_id,a_name) values(1522,168,'洪山区');
insert into t_area(id,a_city_id,a_name) values(1523,168,'东西湖区');
insert into t_area(id,a_city_id,a_name) values(1524,168,'汉南区');
insert into t_area(id,a_city_id,a_name) values(1525,168,'蔡甸区');
insert into t_area(id,a_city_id,a_name) values(1526,168,'江夏区');
insert into t_area(id,a_city_id,a_name) values(1527,168,'黄陂区');
insert into t_area(id,a_city_id,a_name) values(1528,168,'新洲区');
insert into t_city(id,c_province_id,c_name) values(169,17,'黄石市');
insert into t_area(id,a_city_id,a_name) values(1529,169,'黄石港区');
insert into t_area(id,a_city_id,a_name) values(1530,169,'石灰窑区');
insert into t_area(id,a_city_id,a_name) values(1531,169,'下陆区');
insert into t_area(id,a_city_id,a_name) values(1532,169,'铁山区');
insert into t_area(id,a_city_id,a_name) values(1533,169,'阳新县');
insert into t_area(id,a_city_id,a_name) values(1534,169,'大冶市');
insert into t_city(id,c_province_id,c_name) values(170,17,'十堰市');
insert into t_area(id,a_city_id,a_name) values(1535,170,'茅箭区');
insert into t_area(id,a_city_id,a_name) values(1536,170,'张湾区');
insert into t_area(id,a_city_id,a_name) values(1537,170,'郧  县');
insert into t_area(id,a_city_id,a_name) values(1538,170,'郧西县');
insert into t_area(id,a_city_id,a_name) values(1539,170,'竹山县');
insert into t_area(id,a_city_id,a_name) values(1540,170,'竹溪县');
insert into t_area(id,a_city_id,a_name) values(1541,170,'房  县');
insert into t_area(id,a_city_id,a_name) values(1542,170,'丹江口市');
insert into t_city(id,c_province_id,c_name) values(171,17,'宜昌市');
insert into t_area(id,a_city_id,a_name) values(1543,171,'西陵区');
insert into t_area(id,a_city_id,a_name) values(1544,171,'伍家岗区');
insert into t_area(id,a_city_id,a_name) values(1545,171,'点军区');
insert into t_area(id,a_city_id,a_name) values(1546,171,'虎亭区');
insert into t_area(id,a_city_id,a_name) values(1547,171,'宜昌县');
insert into t_area(id,a_city_id,a_name) values(1548,171,'远安县');
insert into t_area(id,a_city_id,a_name) values(1549,171,'兴山县');
insert into t_area(id,a_city_id,a_name) values(1550,171,'秭归县');
insert into t_area(id,a_city_id,a_name) values(1551,171,'长阳土家族自治县');
insert into t_area(id,a_city_id,a_name) values(1552,171,'五峰土家族自治县');
insert into t_area(id,a_city_id,a_name) values(1553,171,'宜都市');
insert into t_area(id,a_city_id,a_name) values(1554,171,'当阳市');
insert into t_area(id,a_city_id,a_name) values(1555,171,'枝江市');
insert into t_city(id,c_province_id,c_name) values(172,17,'襄樊市');
insert into t_area(id,a_city_id,a_name) values(1556,172,'襄城区');
insert into t_area(id,a_city_id,a_name) values(1557,172,'樊城区');
insert into t_area(id,a_city_id,a_name) values(1558,172,'襄阳县');
insert into t_area(id,a_city_id,a_name) values(1559,172,'南漳县');
insert into t_area(id,a_city_id,a_name) values(1560,172,'谷城县');
insert into t_area(id,a_city_id,a_name) values(1561,172,'保康县');
insert into t_area(id,a_city_id,a_name) values(1562,172,'老河口市');
insert into t_area(id,a_city_id,a_name) values(1563,172,'枣阳市');
insert into t_area(id,a_city_id,a_name) values(1564,172,'宜城市');
insert into t_city(id,c_province_id,c_name) values(173,17,'鄂州市');
insert into t_area(id,a_city_id,a_name) values(1565,173,'梁子湖区');
insert into t_area(id,a_city_id,a_name) values(1566,173,'华容区');
insert into t_area(id,a_city_id,a_name) values(1567,173,'鄂城区');
insert into t_city(id,c_province_id,c_name) values(174,17,'荆门市');
insert into t_area(id,a_city_id,a_name) values(1568,174,'东宝区');
insert into t_area(id,a_city_id,a_name) values(1569,174,'掇刀区');
insert into t_area(id,a_city_id,a_name) values(1570,174,'京山县');
insert into t_area(id,a_city_id,a_name) values(1571,174,'沙洋县');
insert into t_area(id,a_city_id,a_name) values(1572,174,'钟祥市');
insert into t_city(id,c_province_id,c_name) values(175,17,'孝感市');
insert into t_area(id,a_city_id,a_name) values(1573,175,'孝南区');
insert into t_area(id,a_city_id,a_name) values(1574,175,'孝昌县');
insert into t_area(id,a_city_id,a_name) values(1575,175,'大悟县');
insert into t_area(id,a_city_id,a_name) values(1576,175,'云梦县');
insert into t_area(id,a_city_id,a_name) values(1577,175,'应城市');
insert into t_area(id,a_city_id,a_name) values(1578,175,'安陆市');
insert into t_area(id,a_city_id,a_name) values(1579,175,'汉川市');
insert into t_city(id,c_province_id,c_name) values(176,17,'荆州市');
insert into t_area(id,a_city_id,a_name) values(1580,176,'沙市区');
insert into t_area(id,a_city_id,a_name) values(1581,176,'荆州区');
insert into t_area(id,a_city_id,a_name) values(1582,176,'公安县');
insert into t_area(id,a_city_id,a_name) values(1583,176,'监利县');
insert into t_area(id,a_city_id,a_name) values(1584,176,'江陵县');
insert into t_area(id,a_city_id,a_name) values(1585,176,'石首市');
insert into t_area(id,a_city_id,a_name) values(1586,176,'洪湖市');
insert into t_area(id,a_city_id,a_name) values(1587,176,'松滋市');
insert into t_city(id,c_province_id,c_name) values(177,17,'黄冈市');
insert into t_area(id,a_city_id,a_name) values(1588,177,'黄州区');
insert into t_area(id,a_city_id,a_name) values(1589,177,'团风县');
insert into t_area(id,a_city_id,a_name) values(1590,177,'红安县');
insert into t_area(id,a_city_id,a_name) values(1591,177,'罗田县');
insert into t_area(id,a_city_id,a_name) values(1592,177,'英山县');
insert into t_area(id,a_city_id,a_name) values(1593,177,'浠水县');
insert into t_area(id,a_city_id,a_name) values(1594,177,'蕲春县');
insert into t_area(id,a_city_id,a_name) values(1595,177,'黄梅县');
insert into t_area(id,a_city_id,a_name) values(1596,177,'麻城市');
insert into t_area(id,a_city_id,a_name) values(1597,177,'武穴市');
insert into t_city(id,c_province_id,c_name) values(178,17,'咸宁市');
insert into t_area(id,a_city_id,a_name) values(1598,178,'咸安区');
insert into t_area(id,a_city_id,a_name) values(1599,178,'嘉鱼县');
insert into t_area(id,a_city_id,a_name) values(1600,178,'通城县');
insert into t_area(id,a_city_id,a_name) values(1601,178,'崇阳县');
insert into t_area(id,a_city_id,a_name) values(1602,178,'通山县');
insert into t_area(id,a_city_id,a_name) values(1603,178,'赤壁市');
insert into t_city(id,c_province_id,c_name) values(179,17,'恩施土家族苗族自治州');
insert into t_area(id,a_city_id,a_name) values(1604,179,'恩施市');
insert into t_area(id,a_city_id,a_name) values(1605,179,'利川市');
insert into t_area(id,a_city_id,a_name) values(1606,179,'建始县');
insert into t_area(id,a_city_id,a_name) values(1607,179,'巴东县');
insert into t_area(id,a_city_id,a_name) values(1608,179,'宣恩县');
insert into t_area(id,a_city_id,a_name) values(1609,179,'咸丰县');
insert into t_area(id,a_city_id,a_name) values(1610,179,'来凤县');
insert into t_area(id,a_city_id,a_name) values(1611,179,'鹤峰县');
insert into t_city(id,c_province_id,c_name) values(180,17,'省直辖行政单位');
insert into t_area(id,a_city_id,a_name) values(1612,180,'仙桃市');
insert into t_area(id,a_city_id,a_name) values(1613,180,'潜江市');
insert into t_area(id,a_city_id,a_name) values(1614,180,'天门市');
insert into t_area(id,a_city_id,a_name) values(1615,180,'神农架林区');
insert into t_province(id,p_name) values(18,'湖南省');
insert into t_city(id,c_province_id,c_name) values(181,18,'长沙市');
insert into t_area(id,a_city_id,a_name) values(1616,181,'芙蓉区');
insert into t_area(id,a_city_id,a_name) values(1617,181,'天心区');
insert into t_area(id,a_city_id,a_name) values(1618,181,'岳麓区');
insert into t_area(id,a_city_id,a_name) values(1619,181,'开福区');
insert into t_area(id,a_city_id,a_name) values(1620,181,'雨花区');
insert into t_area(id,a_city_id,a_name) values(1621,181,'长沙县');
insert into t_area(id,a_city_id,a_name) values(1622,181,'望城县');
insert into t_area(id,a_city_id,a_name) values(1623,181,'宁乡县');
insert into t_area(id,a_city_id,a_name) values(1624,181,'浏阳市');
insert into t_city(id,c_province_id,c_name) values(182,18,'株洲市');
insert into t_area(id,a_city_id,a_name) values(1625,182,'荷塘区');
insert into t_area(id,a_city_id,a_name) values(1626,182,'芦淞区');
insert into t_area(id,a_city_id,a_name) values(1627,182,'石峰区');
insert into t_area(id,a_city_id,a_name) values(1628,182,'天元区');
insert into t_area(id,a_city_id,a_name) values(1629,182,'株洲县');
insert into t_area(id,a_city_id,a_name) values(1630,182,'攸  县');
insert into t_area(id,a_city_id,a_name) values(1631,182,'茶陵县');
insert into t_area(id,a_city_id,a_name) values(1632,182,'炎陵县');
insert into t_area(id,a_city_id,a_name) values(1633,182,'醴陵市');
insert into t_city(id,c_province_id,c_name) values(183,18,'湘潭市');
insert into t_area(id,a_city_id,a_name) values(1634,183,'雨湖区');
insert into t_area(id,a_city_id,a_name) values(1635,183,'岳塘区');
insert into t_area(id,a_city_id,a_name) values(1636,183,'湘潭县');
insert into t_area(id,a_city_id,a_name) values(1637,183,'湘乡市');
insert into t_area(id,a_city_id,a_name) values(1638,183,'韶山市');
insert into t_city(id,c_province_id,c_name) values(184,18,'衡阳市');
insert into t_area(id,a_city_id,a_name) values(1639,184,'江东区');
insert into t_area(id,a_city_id,a_name) values(1640,184,'城南区');
insert into t_area(id,a_city_id,a_name) values(1641,184,'城北区');
insert into t_area(id,a_city_id,a_name) values(1642,184,'郊   区');
insert into t_area(id,a_city_id,a_name) values(1643,184,'南岳区');
insert into t_area(id,a_city_id,a_name) values(1644,184,'衡阳县');
insert into t_area(id,a_city_id,a_name) values(1645,184,'衡南县');
insert into t_area(id,a_city_id,a_name) values(1646,184,'衡山县');
insert into t_area(id,a_city_id,a_name) values(1647,184,'衡东县');
insert into t_area(id,a_city_id,a_name) values(1648,184,'祁东县');
insert into t_area(id,a_city_id,a_name) values(1649,184,'耒阳市');
insert into t_area(id,a_city_id,a_name) values(1650,184,'常宁市');
insert into t_city(id,c_province_id,c_name) values(185,18,'邵阳市');
insert into t_area(id,a_city_id,a_name) values(1651,185,'双清区');
insert into t_area(id,a_city_id,a_name) values(1652,185,'大祥区');
insert into t_area(id,a_city_id,a_name) values(1653,185,'北塔区');
insert into t_area(id,a_city_id,a_name) values(1654,185,'邵东县');
insert into t_area(id,a_city_id,a_name) values(1655,185,'新邵县');
insert into t_area(id,a_city_id,a_name) values(1656,185,'邵阳县');
insert into t_area(id,a_city_id,a_name) values(1657,185,'隆回县');
insert into t_area(id,a_city_id,a_name) values(1658,185,'洞口县');
insert into t_area(id,a_city_id,a_name) values(1659,185,'绥宁县');
insert into t_area(id,a_city_id,a_name) values(1660,185,'新宁县');
insert into t_area(id,a_city_id,a_name) values(1661,185,'城步苗族自治县');
insert into t_area(id,a_city_id,a_name) values(1662,185,'武冈市');
insert into t_city(id,c_province_id,c_name) values(186,18,'岳阳市');
insert into t_area(id,a_city_id,a_name) values(1663,186,'岳阳楼区');
insert into t_area(id,a_city_id,a_name) values(1664,186,'云溪区');
insert into t_area(id,a_city_id,a_name) values(1665,186,'君山区');
insert into t_area(id,a_city_id,a_name) values(1666,186,'岳阳县');
insert into t_area(id,a_city_id,a_name) values(1667,186,'华容县');
insert into t_area(id,a_city_id,a_name) values(1668,186,'湘阴县');
insert into t_area(id,a_city_id,a_name) values(1669,186,'平江县');
insert into t_area(id,a_city_id,a_name) values(1670,186,'汨罗市');
insert into t_area(id,a_city_id,a_name) values(1671,186,'临湘市');
insert into t_city(id,c_province_id,c_name) values(187,18,'常德市');
insert into t_area(id,a_city_id,a_name) values(1672,187,'武陵区');
insert into t_area(id,a_city_id,a_name) values(1673,187,'鼎城区');
insert into t_area(id,a_city_id,a_name) values(1674,187,'安乡县');
insert into t_area(id,a_city_id,a_name) values(1675,187,'汉寿县');
insert into t_area(id,a_city_id,a_name) values(1676,187,'澧  县');
insert into t_area(id,a_city_id,a_name) values(1677,187,'临澧县');
insert into t_area(id,a_city_id,a_name) values(1678,187,'桃源县');
insert into t_area(id,a_city_id,a_name) values(1679,187,'石门县');
insert into t_area(id,a_city_id,a_name) values(1680,187,'津市市');
insert into t_city(id,c_province_id,c_name) values(188,18,'张家界市');
insert into t_area(id,a_city_id,a_name) values(1681,188,'永定区');
insert into t_area(id,a_city_id,a_name) values(1682,188,'武陵源区');
insert into t_area(id,a_city_id,a_name) values(1683,188,'慈利县');
insert into t_area(id,a_city_id,a_name) values(1684,188,'桑植县');
insert into t_city(id,c_province_id,c_name) values(189,18,'益阳市');
insert into t_area(id,a_city_id,a_name) values(1685,189,'资阳区');
insert into t_area(id,a_city_id,a_name) values(1686,189,'赫山区');
insert into t_area(id,a_city_id,a_name) values(1687,189,'南  县');
insert into t_area(id,a_city_id,a_name) values(1688,189,'桃江县');
insert into t_area(id,a_city_id,a_name) values(1689,189,'安化县');
insert into t_area(id,a_city_id,a_name) values(1690,189,'沅江市');
insert into t_city(id,c_province_id,c_name) values(190,18,'郴州市');
insert into t_area(id,a_city_id,a_name) values(1691,190,'北湖区');
insert into t_area(id,a_city_id,a_name) values(1692,190,'苏仙区');
insert into t_area(id,a_city_id,a_name) values(1693,190,'桂阳县');
insert into t_area(id,a_city_id,a_name) values(1694,190,'宜章县');
insert into t_area(id,a_city_id,a_name) values(1695,190,'永兴县');
insert into t_area(id,a_city_id,a_name) values(1696,190,'嘉禾县');
insert into t_area(id,a_city_id,a_name) values(1697,190,'临武县');
insert into t_area(id,a_city_id,a_name) values(1698,190,'汝城县');
insert into t_area(id,a_city_id,a_name) values(1699,190,'桂东县');
insert into t_area(id,a_city_id,a_name) values(1700,190,'安仁县');
insert into t_area(id,a_city_id,a_name) values(1701,190,'资兴市');
insert into t_city(id,c_province_id,c_name) values(191,18,'永州市');
insert into t_area(id,a_city_id,a_name) values(1702,191,'芝山区');
insert into t_area(id,a_city_id,a_name) values(1703,191,'冷水滩区');
insert into t_area(id,a_city_id,a_name) values(1704,191,'祁阳县');
insert into t_area(id,a_city_id,a_name) values(1705,191,'东安县');
insert into t_area(id,a_city_id,a_name) values(1706,191,'双牌县');
insert into t_area(id,a_city_id,a_name) values(1707,191,'道  县');
insert into t_area(id,a_city_id,a_name) values(1708,191,'江永县');
insert into t_area(id,a_city_id,a_name) values(1709,191,'宁远县');
insert into t_area(id,a_city_id,a_name) values(1710,191,'蓝山县');
insert into t_area(id,a_city_id,a_name) values(1711,191,'新田县');
insert into t_area(id,a_city_id,a_name) values(1712,191,'江华瑶族自治县');
insert into t_city(id,c_province_id,c_name) values(192,18,'怀化市');
insert into t_area(id,a_city_id,a_name) values(1713,192,'鹤城区');
insert into t_area(id,a_city_id,a_name) values(1714,192,'中方县');
insert into t_area(id,a_city_id,a_name) values(1715,192,'沅陵县');
insert into t_area(id,a_city_id,a_name) values(1716,192,'辰溪县');
insert into t_area(id,a_city_id,a_name) values(1717,192,'溆浦县');
insert into t_area(id,a_city_id,a_name) values(1718,192,'会同县');
insert into t_area(id,a_city_id,a_name) values(1719,192,'麻阳苗族自治县');
insert into t_area(id,a_city_id,a_name) values(1720,192,'新晃侗族自治县');
insert into t_area(id,a_city_id,a_name) values(1721,192,'芷江侗族自治县');
insert into t_area(id,a_city_id,a_name) values(1722,192,'靖州苗族侗族自治县');
insert into t_area(id,a_city_id,a_name) values(1723,192,'通道侗族自治县');
insert into t_area(id,a_city_id,a_name) values(1724,192,'洪江市');
insert into t_city(id,c_province_id,c_name) values(193,18,'娄底地区');
insert into t_area(id,a_city_id,a_name) values(1725,193,'娄底市');
insert into t_area(id,a_city_id,a_name) values(1726,193,'冷水江市');
insert into t_area(id,a_city_id,a_name) values(1727,193,'涟源市');
insert into t_area(id,a_city_id,a_name) values(1728,193,'双峰县');
insert into t_area(id,a_city_id,a_name) values(1729,193,'新化县');
insert into t_city(id,c_province_id,c_name) values(194,18,'湘西土家族苗族自治州');
insert into t_area(id,a_city_id,a_name) values(1730,194,'吉首市');
insert into t_area(id,a_city_id,a_name) values(1731,194,'泸溪县');
insert into t_area(id,a_city_id,a_name) values(1732,194,'凤凰县');
insert into t_area(id,a_city_id,a_name) values(1733,194,'花垣县');
insert into t_area(id,a_city_id,a_name) values(1734,194,'保靖县');
insert into t_area(id,a_city_id,a_name) values(1735,194,'古丈县');
insert into t_area(id,a_city_id,a_name) values(1736,194,'永顺县');
insert into t_area(id,a_city_id,a_name) values(1737,194,'龙山县');
insert into t_province(id,p_name) values(19,'广东省');
insert into t_city(id,c_province_id,c_name) values(195,19,'广州市');
insert into t_area(id,a_city_id,a_name) values(1738,195,'东山区');
insert into t_area(id,a_city_id,a_name) values(1739,195,'荔湾区');
insert into t_area(id,a_city_id,a_name) values(1740,195,'越秀区');
insert into t_area(id,a_city_id,a_name) values(1741,195,'海珠区');
insert into t_area(id,a_city_id,a_name) values(1742,195,'天河区');
insert into t_area(id,a_city_id,a_name) values(1743,195,'芳村区');
insert into t_area(id,a_city_id,a_name) values(1744,195,'白云区');
insert into t_area(id,a_city_id,a_name) values(1745,195,'黄埔区');
insert into t_area(id,a_city_id,a_name) values(1746,195,'番禺市');
insert into t_area(id,a_city_id,a_name) values(1747,195,'花都市');
insert into t_area(id,a_city_id,a_name) values(1748,195,'增城市');
insert into t_area(id,a_city_id,a_name) values(1749,195,'从化市');
insert into t_city(id,c_province_id,c_name) values(196,19,'韶关市');
insert into t_area(id,a_city_id,a_name) values(1750,196,'武江区');
insert into t_area(id,a_city_id,a_name) values(1751,196,'浈江区');
insert into t_area(id,a_city_id,a_name) values(1752,196,'曲江区');
insert into t_area(id,a_city_id,a_name) values(1753,196,'始兴县');
insert into t_area(id,a_city_id,a_name) values(1754,196,'仁化县');
insert into t_area(id,a_city_id,a_name) values(1755,196,'翁源县');
insert into t_area(id,a_city_id,a_name) values(1756,196,'乳源瑶族自治县');
insert into t_area(id,a_city_id,a_name) values(1757,196,'新丰县');
insert into t_area(id,a_city_id,a_name) values(1758,196,'乐昌市');
insert into t_area(id,a_city_id,a_name) values(1759,196,'南雄市');
insert into t_city(id,c_province_id,c_name) values(197,19,'深圳市');
insert into t_area(id,a_city_id,a_name) values(1760,197,'罗湖区');
insert into t_area(id,a_city_id,a_name) values(1761,197,'福田区');
insert into t_area(id,a_city_id,a_name) values(1762,197,'南山区');
insert into t_area(id,a_city_id,a_name) values(1763,197,'宝安区');
insert into t_area(id,a_city_id,a_name) values(1764,197,'龙岗区');
insert into t_area(id,a_city_id,a_name) values(1765,197,'盐田区');
insert into t_city(id,c_province_id,c_name) values(198,19,'珠海市');
insert into t_area(id,a_city_id,a_name) values(1766,198,'香洲区');
insert into t_area(id,a_city_id,a_name) values(1767,198,'斗门区');
insert into t_area(id,a_city_id,a_name) values(1768,198,'金湾区');
insert into t_city(id,c_province_id,c_name) values(199,19,'汕头市');
insert into t_area(id,a_city_id,a_name) values(1769,199,'濠江区');
insert into t_area(id,a_city_id,a_name) values(1770,199,'龙湖区');
insert into t_area(id,a_city_id,a_name) values(1771,199,'金平区');
insert into t_area(id,a_city_id,a_name) values(1772,199,'潮南区');
insert into t_area(id,a_city_id,a_name) values(1773,199,'澄海区');
insert into t_area(id,a_city_id,a_name) values(1774,199,'潮阳区');
insert into t_area(id,a_city_id,a_name) values(1775,199,'南澳县');
insert into t_city(id,c_province_id,c_name) values(200,19,'佛山市');
insert into t_area(id,a_city_id,a_name) values(1776,200,'禅城区');
insert into t_area(id,a_city_id,a_name) values(1777,200,'顺德区');
insert into t_area(id,a_city_id,a_name) values(1778,200,'南海区');
insert into t_area(id,a_city_id,a_name) values(1779,200,'三水区');
insert into t_area(id,a_city_id,a_name) values(1780,200,'高明区');
insert into t_city(id,c_province_id,c_name) values(201,19,'江门市');
insert into t_area(id,a_city_id,a_name) values(1781,201,'蓬江区');
insert into t_area(id,a_city_id,a_name) values(1782,201,'江海区');
insert into t_area(id,a_city_id,a_name) values(1783,201,'台山市');
insert into t_area(id,a_city_id,a_name) values(1784,201,'新会市');
insert into t_area(id,a_city_id,a_name) values(1785,201,'开平市');
insert into t_area(id,a_city_id,a_name) values(1786,201,'鹤山市');
insert into t_area(id,a_city_id,a_name) values(1787,201,'恩平市');
insert into t_city(id,c_province_id,c_name) values(202,19,'湛江市');
insert into t_area(id,a_city_id,a_name) values(1788,202,'赤坎区');
insert into t_area(id,a_city_id,a_name) values(1789,202,'霞山区');
insert into t_area(id,a_city_id,a_name) values(1790,202,'坡头区');
insert into t_area(id,a_city_id,a_name) values(1791,202,'麻章区');
insert into t_area(id,a_city_id,a_name) values(1792,202,'遂溪县');
insert into t_area(id,a_city_id,a_name) values(1793,202,'徐闻县');
insert into t_area(id,a_city_id,a_name) values(1794,202,'廉江市');
insert into t_area(id,a_city_id,a_name) values(1795,202,'雷州市');
insert into t_area(id,a_city_id,a_name) values(1796,202,'吴川市');
insert into t_city(id,c_province_id,c_name) values(203,19,'茂名市');
insert into t_area(id,a_city_id,a_name) values(1797,203,'茂南区');
insert into t_area(id,a_city_id,a_name) values(1798,203,'茂港区');
insert into t_area(id,a_city_id,a_name) values(1799,203,'电白县');
insert into t_area(id,a_city_id,a_name) values(1800,203,'高州市');
insert into t_area(id,a_city_id,a_name) values(1801,203,'化州市');
insert into t_area(id,a_city_id,a_name) values(1802,203,'信宜市');
insert into t_city(id,c_province_id,c_name) values(204,19,'肇庆市');
insert into t_area(id,a_city_id,a_name) values(1803,204,'端州区');
insert into t_area(id,a_city_id,a_name) values(1804,204,'鼎湖区');
insert into t_area(id,a_city_id,a_name) values(1805,204,'广宁县');
insert into t_area(id,a_city_id,a_name) values(1806,204,'怀集县');
insert into t_area(id,a_city_id,a_name) values(1807,204,'封开县');
insert into t_area(id,a_city_id,a_name) values(1808,204,'德庆县');
insert into t_area(id,a_city_id,a_name) values(1809,204,'高要市');
insert into t_area(id,a_city_id,a_name) values(1810,204,'四会市');
insert into t_city(id,c_province_id,c_name) values(205,19,'惠州市');
insert into t_area(id,a_city_id,a_name) values(1811,205,'惠城区');
insert into t_area(id,a_city_id,a_name) values(1812,205,'博罗县');
insert into t_area(id,a_city_id,a_name) values(1813,205,'惠东县');
insert into t_area(id,a_city_id,a_name) values(1814,205,'龙门县');
insert into t_area(id,a_city_id,a_name) values(1815,205,'惠阳市');
insert into t_city(id,c_province_id,c_name) values(206,19,'梅州市');
insert into t_area(id,a_city_id,a_name) values(1816,206,'梅江区');
insert into t_area(id,a_city_id,a_name) values(1817,206,'梅  县');
insert into t_area(id,a_city_id,a_name) values(1818,206,'大埔县');
insert into t_area(id,a_city_id,a_name) values(1819,206,'丰顺县');
insert into t_area(id,a_city_id,a_name) values(1820,206,'五华县');
insert into t_area(id,a_city_id,a_name) values(1821,206,'平远县');
insert into t_area(id,a_city_id,a_name) values(1822,206,'蕉岭县');
insert into t_area(id,a_city_id,a_name) values(1823,206,'兴宁市');
insert into t_city(id,c_province_id,c_name) values(207,19,'汕尾市');
insert into t_area(id,a_city_id,a_name) values(1824,207,'城  区');
insert into t_area(id,a_city_id,a_name) values(1825,207,'海丰县');
insert into t_area(id,a_city_id,a_name) values(1826,207,'陆河县');
insert into t_area(id,a_city_id,a_name) values(1827,207,'陆丰市');
insert into t_city(id,c_province_id,c_name) values(208,19,'河源市');
insert into t_area(id,a_city_id,a_name) values(1828,208,'源城区');
insert into t_area(id,a_city_id,a_name) values(1829,208,'紫金县');
insert into t_area(id,a_city_id,a_name) values(1830,208,'龙川县');
insert into t_area(id,a_city_id,a_name) values(1831,208,'连平县');
insert into t_area(id,a_city_id,a_name) values(1832,208,'和平县');
insert into t_area(id,a_city_id,a_name) values(1833,208,'东源县');
insert into t_city(id,c_province_id,c_name) values(209,19,'阳江市');
insert into t_area(id,a_city_id,a_name) values(1834,209,'江城区');
insert into t_area(id,a_city_id,a_name) values(1835,209,'阳西县');
insert into t_area(id,a_city_id,a_name) values(1836,209,'阳东县');
insert into t_area(id,a_city_id,a_name) values(1837,209,'阳春市');
insert into t_city(id,c_province_id,c_name) values(210,19,'清远市');
insert into t_area(id,a_city_id,a_name) values(1838,210,'清城区');
insert into t_area(id,a_city_id,a_name) values(1839,210,'佛冈县');
insert into t_area(id,a_city_id,a_name) values(1840,210,'阳山县');
insert into t_area(id,a_city_id,a_name) values(1841,210,'连山壮族瑶族自治县');
insert into t_area(id,a_city_id,a_name) values(1842,210,'连南瑶族自治县');
insert into t_area(id,a_city_id,a_name) values(1843,210,'清新县');
insert into t_area(id,a_city_id,a_name) values(1844,210,'英德市');
insert into t_area(id,a_city_id,a_name) values(1845,210,'连州市');
insert into t_area(id,a_city_id,a_name) values(1846,210,'东莞市');
insert into t_area(id,a_city_id,a_name) values(1847,210,'中山市');
insert into t_city(id,c_province_id,c_name) values(211,19,'潮州市');
insert into t_area(id,a_city_id,a_name) values(1848,211,'湘桥区');
insert into t_area(id,a_city_id,a_name) values(1849,211,'潮安县');
insert into t_area(id,a_city_id,a_name) values(1850,211,'饶平县');
insert into t_city(id,c_province_id,c_name) values(212,19,'揭阳市');
insert into t_area(id,a_city_id,a_name) values(1851,212,'榕城区');
insert into t_area(id,a_city_id,a_name) values(1852,212,'揭东县');
insert into t_area(id,a_city_id,a_name) values(1853,212,'揭西县');
insert into t_area(id,a_city_id,a_name) values(1854,212,'惠来县');
insert into t_area(id,a_city_id,a_name) values(1855,212,'普宁市');
insert into t_city(id,c_province_id,c_name) values(213,19,'云浮市');
insert into t_area(id,a_city_id,a_name) values(1856,213,'云城区');
insert into t_area(id,a_city_id,a_name) values(1857,213,'新兴县');
insert into t_area(id,a_city_id,a_name) values(1858,213,'郁南县');
insert into t_area(id,a_city_id,a_name) values(1859,213,'云安县');
insert into t_area(id,a_city_id,a_name) values(1860,213,'罗定市');
insert into t_province(id,p_name) values(20,'广西');
insert into t_city(id,c_province_id,c_name) values(214,20,'南宁市');
insert into t_area(id,a_city_id,a_name) values(1861,214,'兴宁区');
insert into t_area(id,a_city_id,a_name) values(1862,214,'青秀区');
insert into t_area(id,a_city_id,a_name) values(1863,214,'西乡塘区');
insert into t_area(id,a_city_id,a_name) values(1864,214,'江南区');
insert into t_area(id,a_city_id,a_name) values(1865,214,'良庆区');
insert into t_area(id,a_city_id,a_name) values(1866,214,'邕宁区');
insert into t_area(id,a_city_id,a_name) values(1867,214,'武鸣县');
insert into t_area(id,a_city_id,a_name) values(1868,214,'隆安县');
insert into t_area(id,a_city_id,a_name) values(1869,214,'马山县');
insert into t_area(id,a_city_id,a_name) values(1870,214,'上林县');
insert into t_area(id,a_city_id,a_name) values(1871,214,'宾阳县');
insert into t_area(id,a_city_id,a_name) values(1872,214,'横　县');
insert into t_city(id,c_province_id,c_name) values(215,20,'柳州市');
insert into t_area(id,a_city_id,a_name) values(1873,215,'城中区');
insert into t_area(id,a_city_id,a_name) values(1874,215,'鱼峰区');
insert into t_area(id,a_city_id,a_name) values(1875,215,'柳南区');
insert into t_area(id,a_city_id,a_name) values(1876,215,'柳北区');
insert into t_area(id,a_city_id,a_name) values(1877,215,'柳江县');
insert into t_area(id,a_city_id,a_name) values(1878,215,'柳城县');
insert into t_area(id,a_city_id,a_name) values(1879,215,'鹿寨县');
insert into t_area(id,a_city_id,a_name) values(1880,215,'融安县');
insert into t_area(id,a_city_id,a_name) values(1881,215,'融水苗族自治县');
insert into t_area(id,a_city_id,a_name) values(1882,215,'三江侗族自治县');
insert into t_city(id,c_province_id,c_name) values(216,20,'桂林市');
insert into t_area(id,a_city_id,a_name) values(1883,216,'秀峰区');
insert into t_area(id,a_city_id,a_name) values(1884,216,'叠彩区');
insert into t_area(id,a_city_id,a_name) values(1885,216,'象山区');
insert into t_area(id,a_city_id,a_name) values(1886,216,'七星区');
insert into t_area(id,a_city_id,a_name) values(1887,216,'雁山区');
insert into t_area(id,a_city_id,a_name) values(1888,216,'阳朔县');
insert into t_area(id,a_city_id,a_name) values(1889,216,'临桂县');
insert into t_area(id,a_city_id,a_name) values(1890,216,'灵川县');
insert into t_area(id,a_city_id,a_name) values(1891,216,'全州县');
insert into t_area(id,a_city_id,a_name) values(1892,216,'兴安县');
insert into t_area(id,a_city_id,a_name) values(1893,216,'永福县');
insert into t_area(id,a_city_id,a_name) values(1894,216,'灌阳县');
insert into t_area(id,a_city_id,a_name) values(1895,216,'龙胜各县自治区');
insert into t_area(id,a_city_id,a_name) values(1896,216,'资源县');
insert into t_area(id,a_city_id,a_name) values(1897,216,'平乐县');
insert into t_area(id,a_city_id,a_name) values(1898,216,'荔蒲县');
insert into t_area(id,a_city_id,a_name) values(1899,216,'恭城瑶族自治县');
insert into t_city(id,c_province_id,c_name) values(217,20,'梧州市');
insert into t_area(id,a_city_id,a_name) values(1900,217,'万秀区');
insert into t_area(id,a_city_id,a_name) values(1901,217,'蝶山区');
insert into t_area(id,a_city_id,a_name) values(1902,217,'市郊区');
insert into t_area(id,a_city_id,a_name) values(1903,217,'苍梧县');
insert into t_area(id,a_city_id,a_name) values(1904,217,'藤  县');
insert into t_area(id,a_city_id,a_name) values(1905,217,'蒙山县');
insert into t_area(id,a_city_id,a_name) values(1906,217,'岑溪市');
insert into t_city(id,c_province_id,c_name) values(218,20,'北海市');
insert into t_area(id,a_city_id,a_name) values(1907,218,'海城区');
insert into t_area(id,a_city_id,a_name) values(1908,218,'银海区');
insert into t_area(id,a_city_id,a_name) values(1909,218,'铁山港区');
insert into t_area(id,a_city_id,a_name) values(1910,218,'合浦县');
insert into t_city(id,c_province_id,c_name) values(219,20,'防城港市');
insert into t_area(id,a_city_id,a_name) values(1911,219,'港口区');
insert into t_area(id,a_city_id,a_name) values(1912,219,'防城区');
insert into t_area(id,a_city_id,a_name) values(1913,219,'上思县');
insert into t_area(id,a_city_id,a_name) values(1914,219,'东兴市');
insert into t_city(id,c_province_id,c_name) values(220,20,'钦州市');
insert into t_area(id,a_city_id,a_name) values(1915,220,'钦南区');
insert into t_area(id,a_city_id,a_name) values(1916,220,'钦北区');
insert into t_area(id,a_city_id,a_name) values(1917,220,'浦北县');
insert into t_area(id,a_city_id,a_name) values(1918,220,'灵山县');
insert into t_city(id,c_province_id,c_name) values(221,20,'贵港市');
insert into t_area(id,a_city_id,a_name) values(1919,221,'港北区');
insert into t_area(id,a_city_id,a_name) values(1920,221,'港南区');
insert into t_area(id,a_city_id,a_name) values(1921,221,'覃塘区');
insert into t_area(id,a_city_id,a_name) values(1922,221,'平南县');
insert into t_area(id,a_city_id,a_name) values(1923,221,'桂平市');
insert into t_city(id,c_province_id,c_name) values(222,20,'玉林市');
insert into t_area(id,a_city_id,a_name) values(1924,222,'玉州区');
insert into t_area(id,a_city_id,a_name) values(1925,222,'容  县');
insert into t_area(id,a_city_id,a_name) values(1926,222,'陆川县');
insert into t_area(id,a_city_id,a_name) values(1927,222,'博白县');
insert into t_area(id,a_city_id,a_name) values(1928,222,'兴业县');
insert into t_area(id,a_city_id,a_name) values(1929,222,'北流市');
insert into t_city(id,c_province_id,c_name) values(223,20,'崇左市');
insert into t_area(id,a_city_id,a_name) values(1930,223,'江州区');
insert into t_area(id,a_city_id,a_name) values(1931,223,'凭祥市');
insert into t_area(id,a_city_id,a_name) values(1932,223,'扶绥县');
insert into t_area(id,a_city_id,a_name) values(1933,223,'宁明县');
insert into t_area(id,a_city_id,a_name) values(1934,223,'龙州县');
insert into t_area(id,a_city_id,a_name) values(1935,223,'大新县');
insert into t_area(id,a_city_id,a_name) values(1936,223,'天等县');
insert into t_city(id,c_province_id,c_name) values(224,20,'来宾市');
insert into t_area(id,a_city_id,a_name) values(1937,224,'兴宾区');
insert into t_area(id,a_city_id,a_name) values(1938,224,'合山市');
insert into t_area(id,a_city_id,a_name) values(1939,224,'忻城县');
insert into t_area(id,a_city_id,a_name) values(1940,224,'象州县');
insert into t_area(id,a_city_id,a_name) values(1941,224,'武宣县');
insert into t_area(id,a_city_id,a_name) values(1942,224,'金秀瑶族自治县');
insert into t_city(id,c_province_id,c_name) values(225,20,'贺州市');
insert into t_area(id,a_city_id,a_name) values(1943,225,'八步区');
insert into t_area(id,a_city_id,a_name) values(1944,225,'昭平县');
insert into t_area(id,a_city_id,a_name) values(1945,225,'钟山县');
insert into t_area(id,a_city_id,a_name) values(1946,225,'富川瑶族自治县');
insert into t_city(id,c_province_id,c_name) values(226,20,'百色市');
insert into t_area(id,a_city_id,a_name) values(1947,226,'右江区');
insert into t_area(id,a_city_id,a_name) values(1948,226,'田阳县');
insert into t_area(id,a_city_id,a_name) values(1949,226,'田东县');
insert into t_area(id,a_city_id,a_name) values(1950,226,'平果县');
insert into t_area(id,a_city_id,a_name) values(1951,226,'德保县');
insert into t_area(id,a_city_id,a_name) values(1952,226,'靖西县');
insert into t_area(id,a_city_id,a_name) values(1953,226,'那坡县');
insert into t_area(id,a_city_id,a_name) values(1954,226,'凌云县');
insert into t_area(id,a_city_id,a_name) values(1955,226,'乐业县');
insert into t_area(id,a_city_id,a_name) values(1956,226,'田林县');
insert into t_area(id,a_city_id,a_name) values(1957,226,'隆林各族自治县');
insert into t_area(id,a_city_id,a_name) values(1958,226,'西林县');
insert into t_city(id,c_province_id,c_name) values(227,20,'河池市');
insert into t_area(id,a_city_id,a_name) values(1959,227,'金城江区');
insert into t_area(id,a_city_id,a_name) values(1960,227,'宜州市');
insert into t_area(id,a_city_id,a_name) values(1961,227,'罗城仫佬族自治县');
insert into t_area(id,a_city_id,a_name) values(1962,227,'环江毛南族自治县');
insert into t_area(id,a_city_id,a_name) values(1963,227,'南丹县');
insert into t_area(id,a_city_id,a_name) values(1964,227,'天峨县');
insert into t_area(id,a_city_id,a_name) values(1965,227,'凤山县');
insert into t_area(id,a_city_id,a_name) values(1966,227,'东兰县');
insert into t_area(id,a_city_id,a_name) values(1967,227,'巴马瑶族自治县');
insert into t_area(id,a_city_id,a_name) values(1968,227,'都安瑶族自治县');
insert into t_area(id,a_city_id,a_name) values(1969,227,'大化瑶族自治县');
insert into t_province(id,p_name) values(21,'海南省');
insert into t_city(id,c_province_id,c_name) values(228,21,'省直辖行政单位');
insert into t_area(id,a_city_id,a_name) values(1970,228,'琼海市');
insert into t_area(id,a_city_id,a_name) values(1971,228,'儋州市');
insert into t_area(id,a_city_id,a_name) values(1972,228,'五指山市');
insert into t_area(id,a_city_id,a_name) values(1973,228,'文昌市');
insert into t_area(id,a_city_id,a_name) values(1974,228,'万宁市');
insert into t_area(id,a_city_id,a_name) values(1975,228,'东方市');
insert into t_area(id,a_city_id,a_name) values(1976,228,'定安县');
insert into t_area(id,a_city_id,a_name) values(1977,228,'屯昌县');
insert into t_area(id,a_city_id,a_name) values(1978,228,'澄迈县');
insert into t_area(id,a_city_id,a_name) values(1979,228,'临高县');
insert into t_area(id,a_city_id,a_name) values(1980,228,'白沙黎族自治县');
insert into t_area(id,a_city_id,a_name) values(1981,228,'昌江黎族自治县');
insert into t_area(id,a_city_id,a_name) values(1982,228,'乐东黎族自治县');
insert into t_area(id,a_city_id,a_name) values(1983,228,'陵水黎族自治县');
insert into t_area(id,a_city_id,a_name) values(1984,228,'保亭黎族苗族自治县');
insert into t_area(id,a_city_id,a_name) values(1985,228,'琼中黎族苗族自治县');
insert into t_area(id,a_city_id,a_name) values(1986,228,'西南中沙群岛办事处');
insert into t_city(id,c_province_id,c_name) values(229,21,'海口市');
insert into t_area(id,a_city_id,a_name) values(1987,229,'龙华区');
insert into t_area(id,a_city_id,a_name) values(1988,229,'秀英区');
insert into t_area(id,a_city_id,a_name) values(1989,229,'琼山区');
insert into t_area(id,a_city_id,a_name) values(1990,229,'美兰区');
insert into t_city(id,c_province_id,c_name) values(230,21,'三亚市');
insert into t_area(id,a_city_id,a_name) values(1991,230,'市辖区');
insert into t_province(id,p_name) values(22,'重庆市');
insert into t_city(id,c_province_id,c_name) values(231,22,'重庆市');
insert into t_area(id,a_city_id,a_name) values(1992,231,'万州区');
insert into t_area(id,a_city_id,a_name) values(1993,231,'涪陵区');
insert into t_area(id,a_city_id,a_name) values(1994,231,'渝中区');
insert into t_area(id,a_city_id,a_name) values(1995,231,'大渡口区');
insert into t_area(id,a_city_id,a_name) values(1996,231,'江北区');
insert into t_area(id,a_city_id,a_name) values(1997,231,'沙坪坝区');
insert into t_area(id,a_city_id,a_name) values(1998,231,'九龙坡区');
insert into t_area(id,a_city_id,a_name) values(1999,231,'南岸区');
insert into t_area(id,a_city_id,a_name) values(2000,231,'北碚区');
insert into t_area(id,a_city_id,a_name) values(2001,231,'万盛区');
insert into t_area(id,a_city_id,a_name) values(2002,231,'双桥区');
insert into t_area(id,a_city_id,a_name) values(2003,231,'渝北区');
insert into t_area(id,a_city_id,a_name) values(2004,231,'巴南区');
insert into t_area(id,a_city_id,a_name) values(2005,231,'长寿县');
insert into t_area(id,a_city_id,a_name) values(2006,231,'綦江县');
insert into t_area(id,a_city_id,a_name) values(2007,231,'潼南县');
insert into t_area(id,a_city_id,a_name) values(2008,231,'铜梁县');
insert into t_area(id,a_city_id,a_name) values(2009,231,'大足县');
insert into t_area(id,a_city_id,a_name) values(2010,231,'荣昌县');
insert into t_area(id,a_city_id,a_name) values(2011,231,'璧山县');
insert into t_area(id,a_city_id,a_name) values(2012,231,'梁平县');
insert into t_area(id,a_city_id,a_name) values(2013,231,'城口县');
insert into t_area(id,a_city_id,a_name) values(2014,231,'丰都县');
insert into t_area(id,a_city_id,a_name) values(2015,231,'垫江县');
insert into t_area(id,a_city_id,a_name) values(2016,231,'武隆县');
insert into t_area(id,a_city_id,a_name) values(2017,231,'忠  县');
insert into t_area(id,a_city_id,a_name) values(2018,231,'开  县');
insert into t_area(id,a_city_id,a_name) values(2019,231,'云阳县');
insert into t_area(id,a_city_id,a_name) values(2020,231,'奉节县');
insert into t_area(id,a_city_id,a_name) values(2021,231,'巫山县');
insert into t_area(id,a_city_id,a_name) values(2022,231,'巫溪县');
insert into t_area(id,a_city_id,a_name) values(2023,231,'黔江土家族苗族自治县');
insert into t_area(id,a_city_id,a_name) values(2024,231,'石柱土家族自治县');
insert into t_area(id,a_city_id,a_name) values(2025,231,'秀山土家族苗族自治县');
insert into t_area(id,a_city_id,a_name) values(2026,231,'酉阳土家族苗族自治县');
insert into t_area(id,a_city_id,a_name) values(2027,231,'彭水苗族土家族自治县');
insert into t_area(id,a_city_id,a_name) values(2028,231,'江津市');
insert into t_area(id,a_city_id,a_name) values(2029,231,'合川市');
insert into t_area(id,a_city_id,a_name) values(2030,231,'永川市');
insert into t_area(id,a_city_id,a_name) values(2031,231,'南川市');
insert into t_province(id,p_name) values(23,'四川省');
insert into t_city(id,c_province_id,c_name) values(232,23,'成都市');
insert into t_area(id,a_city_id,a_name) values(2032,232,'锦江区');
insert into t_area(id,a_city_id,a_name) values(2033,232,'青羊区');
insert into t_area(id,a_city_id,a_name) values(2034,232,'金牛区');
insert into t_area(id,a_city_id,a_name) values(2035,232,'武侯区');
insert into t_area(id,a_city_id,a_name) values(2036,232,'成华区');
insert into t_area(id,a_city_id,a_name) values(2037,232,'龙泉驿区');
insert into t_area(id,a_city_id,a_name) values(2038,232,'青白江区');
insert into t_area(id,a_city_id,a_name) values(2039,232,'金堂县');
insert into t_area(id,a_city_id,a_name) values(2040,232,'双流县');
insert into t_area(id,a_city_id,a_name) values(2041,232,'温江县');
insert into t_area(id,a_city_id,a_name) values(2042,232,'郫  县');
insert into t_area(id,a_city_id,a_name) values(2043,232,'新都县');
insert into t_area(id,a_city_id,a_name) values(2044,232,'大邑县');
insert into t_area(id,a_city_id,a_name) values(2045,232,'蒲江县');
insert into t_area(id,a_city_id,a_name) values(2046,232,'新津县');
insert into t_area(id,a_city_id,a_name) values(2047,232,'都江堰市');
insert into t_area(id,a_city_id,a_name) values(2048,232,'彭州市');
insert into t_area(id,a_city_id,a_name) values(2049,232,'邛崃市');
insert into t_area(id,a_city_id,a_name) values(2050,232,'崇州市');
insert into t_city(id,c_province_id,c_name) values(233,23,'自贡市');
insert into t_area(id,a_city_id,a_name) values(2051,233,'自流井区');
insert into t_area(id,a_city_id,a_name) values(2052,233,'贡井区');
insert into t_area(id,a_city_id,a_name) values(2053,233,'大安区');
insert into t_area(id,a_city_id,a_name) values(2054,233,'沿滩区');
insert into t_area(id,a_city_id,a_name) values(2055,233,'荣  县');
insert into t_area(id,a_city_id,a_name) values(2056,233,'富顺县');
insert into t_city(id,c_province_id,c_name) values(234,23,'攀枝花市');
insert into t_area(id,a_city_id,a_name) values(2057,234,'东  区');
insert into t_area(id,a_city_id,a_name) values(2058,234,'西  区');
insert into t_area(id,a_city_id,a_name) values(2059,234,'仁和区');
insert into t_area(id,a_city_id,a_name) values(2060,234,'米易县');
insert into t_area(id,a_city_id,a_name) values(2061,234,'盐边县');
insert into t_city(id,c_province_id,c_name) values(235,23,'泸州市');
insert into t_area(id,a_city_id,a_name) values(2062,235,'江阳区');
insert into t_area(id,a_city_id,a_name) values(2063,235,'纳溪区');
insert into t_area(id,a_city_id,a_name) values(2064,235,'龙马潭区');
insert into t_area(id,a_city_id,a_name) values(2065,235,'泸  县');
insert into t_area(id,a_city_id,a_name) values(2066,235,'合江县');
insert into t_area(id,a_city_id,a_name) values(2067,235,'叙永县');
insert into t_area(id,a_city_id,a_name) values(2068,235,'古蔺县');
insert into t_city(id,c_province_id,c_name) values(236,23,'德阳市');
insert into t_area(id,a_city_id,a_name) values(2069,236,'旌阳区');
insert into t_area(id,a_city_id,a_name) values(2070,236,'中江县');
insert into t_area(id,a_city_id,a_name) values(2071,236,'罗江县');
insert into t_area(id,a_city_id,a_name) values(2072,236,'广汉市');
insert into t_area(id,a_city_id,a_name) values(2073,236,'什邡市');
insert into t_area(id,a_city_id,a_name) values(2074,236,'绵竹市');
insert into t_city(id,c_province_id,c_name) values(237,23,'绵阳市');
insert into t_area(id,a_city_id,a_name) values(2075,237,'涪城区');
insert into t_area(id,a_city_id,a_name) values(2076,237,'游仙区');
insert into t_area(id,a_city_id,a_name) values(2077,237,'三台县');
insert into t_area(id,a_city_id,a_name) values(2078,237,'盐亭县');
insert into t_area(id,a_city_id,a_name) values(2079,237,'安  县');
insert into t_area(id,a_city_id,a_name) values(2080,237,'梓潼县');
insert into t_area(id,a_city_id,a_name) values(2081,237,'北川县');
insert into t_area(id,a_city_id,a_name) values(2082,237,'平武县');
insert into t_area(id,a_city_id,a_name) values(2083,237,'江油市');
insert into t_city(id,c_province_id,c_name) values(238,23,'广元市');
insert into t_area(id,a_city_id,a_name) values(2084,238,'利州区');
insert into t_area(id,a_city_id,a_name) values(2085,238,'元坝区');
insert into t_area(id,a_city_id,a_name) values(2086,238,'朝天区');
insert into t_area(id,a_city_id,a_name) values(2087,238,'旺苍县');
insert into t_area(id,a_city_id,a_name) values(2088,238,'青川县');
insert into t_area(id,a_city_id,a_name) values(2089,238,'剑阁县');
insert into t_area(id,a_city_id,a_name) values(2090,238,'苍溪县');
insert into t_city(id,c_province_id,c_name) values(239,23,'遂宁市');
insert into t_area(id,a_city_id,a_name) values(2091,239,'船山区');
insert into t_area(id,a_city_id,a_name) values(2092,239,'安居区');
insert into t_area(id,a_city_id,a_name) values(2093,239,'蓬溪县');
insert into t_area(id,a_city_id,a_name) values(2094,239,'射洪县');
insert into t_area(id,a_city_id,a_name) values(2095,239,'大英县');
insert into t_city(id,c_province_id,c_name) values(240,23,'内江市');
insert into t_area(id,a_city_id,a_name) values(2096,240,'市中区');
insert into t_area(id,a_city_id,a_name) values(2097,240,'东兴区');
insert into t_area(id,a_city_id,a_name) values(2098,240,'威远县');
insert into t_area(id,a_city_id,a_name) values(2099,240,'资中县');
insert into t_area(id,a_city_id,a_name) values(2100,240,'隆昌县');
insert into t_city(id,c_province_id,c_name) values(241,23,'乐山市');
insert into t_area(id,a_city_id,a_name) values(2101,241,'市中区');
insert into t_area(id,a_city_id,a_name) values(2102,241,'沙湾区');
insert into t_area(id,a_city_id,a_name) values(2103,241,'五通桥区');
insert into t_area(id,a_city_id,a_name) values(2104,241,'金口河区');
insert into t_area(id,a_city_id,a_name) values(2105,241,'犍为县');
insert into t_area(id,a_city_id,a_name) values(2106,241,'井研县');
insert into t_area(id,a_city_id,a_name) values(2107,241,'夹江县');
insert into t_area(id,a_city_id,a_name) values(2108,241,'沐川县');
insert into t_area(id,a_city_id,a_name) values(2109,241,'峨边彝族自治县');
insert into t_area(id,a_city_id,a_name) values(2110,241,'马边彝族自治县');
insert into t_area(id,a_city_id,a_name) values(2111,241,'峨眉山市');
insert into t_city(id,c_province_id,c_name) values(242,23,'南充市');
insert into t_area(id,a_city_id,a_name) values(2112,242,'顺庆区');
insert into t_area(id,a_city_id,a_name) values(2113,242,'高坪区');
insert into t_area(id,a_city_id,a_name) values(2114,242,'嘉陵区');
insert into t_area(id,a_city_id,a_name) values(2115,242,'南部县');
insert into t_area(id,a_city_id,a_name) values(2116,242,'营山县');
insert into t_area(id,a_city_id,a_name) values(2117,242,'蓬安县');
insert into t_area(id,a_city_id,a_name) values(2118,242,'仪陇县');
insert into t_area(id,a_city_id,a_name) values(2119,242,'西充县');
insert into t_area(id,a_city_id,a_name) values(2120,242,'阆中市');
insert into t_city(id,c_province_id,c_name) values(243,23,'宜宾市');
insert into t_area(id,a_city_id,a_name) values(2121,243,'翠屏区');
insert into t_area(id,a_city_id,a_name) values(2122,243,'宜宾县');
insert into t_area(id,a_city_id,a_name) values(2123,243,'南溪县');
insert into t_area(id,a_city_id,a_name) values(2124,243,'江安县');
insert into t_area(id,a_city_id,a_name) values(2125,243,'长宁县');
insert into t_area(id,a_city_id,a_name) values(2126,243,'高  县');
insert into t_area(id,a_city_id,a_name) values(2127,243,'珙  县');
insert into t_area(id,a_city_id,a_name) values(2128,243,'筠连县');
insert into t_area(id,a_city_id,a_name) values(2129,243,'兴文县');
insert into t_area(id,a_city_id,a_name) values(2130,243,'屏山县');
insert into t_city(id,c_province_id,c_name) values(244,23,'广安市');
insert into t_area(id,a_city_id,a_name) values(2131,244,'广安区');
insert into t_area(id,a_city_id,a_name) values(2132,244,'岳池县');
insert into t_area(id,a_city_id,a_name) values(2133,244,'武胜县');
insert into t_area(id,a_city_id,a_name) values(2134,244,'邻水县');
insert into t_area(id,a_city_id,a_name) values(2135,244,'华莹市');
insert into t_city(id,c_province_id,c_name) values(245,23,'达川地区');
insert into t_area(id,a_city_id,a_name) values(2136,245,'达川市');
insert into t_area(id,a_city_id,a_name) values(2137,245,'万源市');
insert into t_area(id,a_city_id,a_name) values(2138,245,'达  县');
insert into t_area(id,a_city_id,a_name) values(2139,245,'宣汉县');
insert into t_area(id,a_city_id,a_name) values(2140,245,'开江县');
insert into t_area(id,a_city_id,a_name) values(2141,245,'大竹县');
insert into t_area(id,a_city_id,a_name) values(2142,245,'渠  县');
insert into t_city(id,c_province_id,c_name) values(246,23,'雅安地区');
insert into t_area(id,a_city_id,a_name) values(2143,246,'雅安市');
insert into t_area(id,a_city_id,a_name) values(2144,246,'名山县');
insert into t_area(id,a_city_id,a_name) values(2145,246,'荥经县');
insert into t_area(id,a_city_id,a_name) values(2146,246,'汉源县');
insert into t_area(id,a_city_id,a_name) values(2147,246,'石棉县');
insert into t_area(id,a_city_id,a_name) values(2148,246,'天全县');
insert into t_area(id,a_city_id,a_name) values(2149,246,'芦山县');
insert into t_area(id,a_city_id,a_name) values(2150,246,'宝兴县');
insert into t_city(id,c_province_id,c_name) values(247,23,'阿坝藏族羌族自治州');
insert into t_area(id,a_city_id,a_name) values(2151,247,'汶川县');
insert into t_area(id,a_city_id,a_name) values(2152,247,'理  县');
insert into t_area(id,a_city_id,a_name) values(2153,247,'茂  县');
insert into t_area(id,a_city_id,a_name) values(2154,247,'松潘县');
insert into t_area(id,a_city_id,a_name) values(2155,247,'九寨沟县');
insert into t_area(id,a_city_id,a_name) values(2156,247,'金川县');
insert into t_area(id,a_city_id,a_name) values(2157,247,'小金县');
insert into t_area(id,a_city_id,a_name) values(2158,247,'黑水县');
insert into t_area(id,a_city_id,a_name) values(2159,247,'马尔康县');
insert into t_area(id,a_city_id,a_name) values(2160,247,'壤塘县');
insert into t_area(id,a_city_id,a_name) values(2161,247,'阿坝县');
insert into t_area(id,a_city_id,a_name) values(2162,247,'若尔盖县');
insert into t_area(id,a_city_id,a_name) values(2163,247,'红原县');
insert into t_city(id,c_province_id,c_name) values(248,23,'甘孜藏族自治州');
insert into t_area(id,a_city_id,a_name) values(2164,248,'康定县');
insert into t_area(id,a_city_id,a_name) values(2165,248,'泸定县');
insert into t_area(id,a_city_id,a_name) values(2166,248,'丹巴县');
insert into t_area(id,a_city_id,a_name) values(2167,248,'九龙县');
insert into t_area(id,a_city_id,a_name) values(2168,248,'雅江县');
insert into t_area(id,a_city_id,a_name) values(2169,248,'道孚县');
insert into t_area(id,a_city_id,a_name) values(2170,248,'炉霍县');
insert into t_area(id,a_city_id,a_name) values(2171,248,'甘孜县');
insert into t_area(id,a_city_id,a_name) values(2172,248,'新龙县');
insert into t_area(id,a_city_id,a_name) values(2173,248,'德格县');
insert into t_area(id,a_city_id,a_name) values(2174,248,'白玉县');
insert into t_area(id,a_city_id,a_name) values(2175,248,'石渠县');
insert into t_area(id,a_city_id,a_name) values(2176,248,'色达县');
insert into t_area(id,a_city_id,a_name) values(2177,248,'理塘县');
insert into t_area(id,a_city_id,a_name) values(2178,248,'巴塘县');
insert into t_area(id,a_city_id,a_name) values(2179,248,'乡城县');
insert into t_area(id,a_city_id,a_name) values(2180,248,'稻城县');
insert into t_area(id,a_city_id,a_name) values(2181,248,'得荣县');
insert into t_city(id,c_province_id,c_name) values(249,23,'凉山彝族自治州');
insert into t_area(id,a_city_id,a_name) values(2182,249,'西昌市');
insert into t_area(id,a_city_id,a_name) values(2183,249,'木里藏族自治县');
insert into t_area(id,a_city_id,a_name) values(2184,249,'盐源县');
insert into t_area(id,a_city_id,a_name) values(2185,249,'德昌县');
insert into t_area(id,a_city_id,a_name) values(2186,249,'会理县');
insert into t_area(id,a_city_id,a_name) values(2187,249,'会东县');
insert into t_area(id,a_city_id,a_name) values(2188,249,'宁南县');
insert into t_area(id,a_city_id,a_name) values(2189,249,'普格县');
insert into t_area(id,a_city_id,a_name) values(2190,249,'布拖县');
insert into t_area(id,a_city_id,a_name) values(2191,249,'金阳县');
insert into t_area(id,a_city_id,a_name) values(2192,249,'昭觉县');
insert into t_area(id,a_city_id,a_name) values(2193,249,'喜德县');
insert into t_area(id,a_city_id,a_name) values(2194,249,'冕宁县');
insert into t_area(id,a_city_id,a_name) values(2195,249,'越西县');
insert into t_area(id,a_city_id,a_name) values(2196,249,'甘洛县');
insert into t_area(id,a_city_id,a_name) values(2197,249,'美姑县');
insert into t_area(id,a_city_id,a_name) values(2198,249,'雷波县');
insert into t_city(id,c_province_id,c_name) values(250,23,'巴中地区');
insert into t_area(id,a_city_id,a_name) values(2199,250,'巴中市');
insert into t_area(id,a_city_id,a_name) values(2200,250,'通江县');
insert into t_area(id,a_city_id,a_name) values(2201,250,'南江县');
insert into t_area(id,a_city_id,a_name) values(2202,250,'平昌县');
insert into t_city(id,c_province_id,c_name) values(251,23,'眉山地区');
insert into t_area(id,a_city_id,a_name) values(2203,251,'眉山县');
insert into t_area(id,a_city_id,a_name) values(2204,251,'仁寿县');
insert into t_area(id,a_city_id,a_name) values(2205,251,'彭山县');
insert into t_area(id,a_city_id,a_name) values(2206,251,'洪雅县');
insert into t_area(id,a_city_id,a_name) values(2207,251,'丹棱县');
insert into t_area(id,a_city_id,a_name) values(2208,251,'青神县');
insert into t_city(id,c_province_id,c_name) values(252,23,'资阳地区');
insert into t_area(id,a_city_id,a_name) values(2209,252,'资阳市');
insert into t_area(id,a_city_id,a_name) values(2210,252,'简阳市');
insert into t_area(id,a_city_id,a_name) values(2211,252,'安岳县');
insert into t_area(id,a_city_id,a_name) values(2212,252,'乐至县');
insert into t_province(id,p_name) values(24,'贵州省');
insert into t_city(id,c_province_id,c_name) values(253,24,'贵阳市');
insert into t_area(id,a_city_id,a_name) values(2213,253,'南明区');
insert into t_area(id,a_city_id,a_name) values(2214,253,'云岩区');
insert into t_area(id,a_city_id,a_name) values(2215,253,'花溪区');
insert into t_area(id,a_city_id,a_name) values(2216,253,'乌当区');
insert into t_area(id,a_city_id,a_name) values(2217,253,'白云区');
insert into t_area(id,a_city_id,a_name) values(2218,253,'小河区');
insert into t_area(id,a_city_id,a_name) values(2219,253,'开阳县');
insert into t_area(id,a_city_id,a_name) values(2220,253,'息烽县');
insert into t_area(id,a_city_id,a_name) values(2221,253,'修文县');
insert into t_area(id,a_city_id,a_name) values(2222,253,'清镇市');
insert into t_city(id,c_province_id,c_name) values(254,24,'六盘水市');
insert into t_area(id,a_city_id,a_name) values(2223,254,'钟山区');
insert into t_area(id,a_city_id,a_name) values(2224,254,'盘县特区');
insert into t_area(id,a_city_id,a_name) values(2225,254,'六枝特区');
insert into t_area(id,a_city_id,a_name) values(2226,254,'水城县');
insert into t_city(id,c_province_id,c_name) values(255,24,'遵义市');
insert into t_area(id,a_city_id,a_name) values(2227,255,'红花岗区');
insert into t_area(id,a_city_id,a_name) values(2228,255,'汇川区');
insert into t_area(id,a_city_id,a_name) values(2229,255,'遵义县');
insert into t_area(id,a_city_id,a_name) values(2230,255,'桐梓县');
insert into t_area(id,a_city_id,a_name) values(2231,255,'绥阳县');
insert into t_area(id,a_city_id,a_name) values(2232,255,'正安县');
insert into t_area(id,a_city_id,a_name) values(2233,255,'道真仡佬族苗族自治县');
insert into t_area(id,a_city_id,a_name) values(2234,255,'务川仡佬族苗族自治县');
insert into t_area(id,a_city_id,a_name) values(2235,255,'凤冈县');
insert into t_area(id,a_city_id,a_name) values(2236,255,'湄潭县');
insert into t_area(id,a_city_id,a_name) values(2237,255,'余庆县');
insert into t_area(id,a_city_id,a_name) values(2238,255,'习水县');
insert into t_area(id,a_city_id,a_name) values(2239,255,'赤水市');
insert into t_area(id,a_city_id,a_name) values(2240,255,'仁怀市');
insert into t_city(id,c_province_id,c_name) values(256,24,'铜仁地区');
insert into t_area(id,a_city_id,a_name) values(2241,256,'铜仁市');
insert into t_area(id,a_city_id,a_name) values(2242,256,'江口县');
insert into t_area(id,a_city_id,a_name) values(2243,256,'玉屏侗族自治县');
insert into t_area(id,a_city_id,a_name) values(2244,256,'石阡县');
insert into t_area(id,a_city_id,a_name) values(2245,256,'思南县');
insert into t_area(id,a_city_id,a_name) values(2246,256,'印江土家族苗族自治县');
insert into t_area(id,a_city_id,a_name) values(2247,256,'德江县');
insert into t_area(id,a_city_id,a_name) values(2248,256,'沿河土家族自治县');
insert into t_area(id,a_city_id,a_name) values(2249,256,'松桃苗族自治县');
insert into t_area(id,a_city_id,a_name) values(2250,256,'万山特区');
insert into t_city(id,c_province_id,c_name) values(257,24,'黔西南布依族苗族自治州');
insert into t_area(id,a_city_id,a_name) values(2251,257,'兴义市');
insert into t_area(id,a_city_id,a_name) values(2252,257,'兴仁县');
insert into t_area(id,a_city_id,a_name) values(2253,257,'普安县');
insert into t_area(id,a_city_id,a_name) values(2254,257,'晴隆县');
insert into t_area(id,a_city_id,a_name) values(2255,257,'贞丰县');
insert into t_area(id,a_city_id,a_name) values(2256,257,'望谟县');
insert into t_area(id,a_city_id,a_name) values(2257,257,'册亨县');
insert into t_area(id,a_city_id,a_name) values(2258,257,'安龙县');
insert into t_city(id,c_province_id,c_name) values(258,24,'毕节地区');
insert into t_area(id,a_city_id,a_name) values(2259,258,'毕节市');
insert into t_area(id,a_city_id,a_name) values(2260,258,'大方县');
insert into t_area(id,a_city_id,a_name) values(2261,258,'黔西县');
insert into t_area(id,a_city_id,a_name) values(2262,258,'金沙县');
insert into t_area(id,a_city_id,a_name) values(2263,258,'织金县');
insert into t_area(id,a_city_id,a_name) values(2264,258,'纳雍县');
insert into t_area(id,a_city_id,a_name) values(2265,258,'威宁彝族回族苗族自治县');
insert into t_area(id,a_city_id,a_name) values(2266,258,'赫章县');
insert into t_city(id,c_province_id,c_name) values(259,24,'安顺地区');
insert into t_area(id,a_city_id,a_name) values(2267,259,'安顺市');
insert into t_area(id,a_city_id,a_name) values(2268,259,'平坝县');
insert into t_area(id,a_city_id,a_name) values(2269,259,'普定县');
insert into t_area(id,a_city_id,a_name) values(2270,259,'关岭布依族苗族自治县');
insert into t_area(id,a_city_id,a_name) values(2271,259,'镇宁布依族苗族自治县');
insert into t_area(id,a_city_id,a_name) values(2272,259,'紫云苗族布依族自治县');
insert into t_city(id,c_province_id,c_name) values(260,24,'黔东南苗族侗族自治州');
insert into t_area(id,a_city_id,a_name) values(2273,260,'凯里市');
insert into t_area(id,a_city_id,a_name) values(2274,260,'黄平县');
insert into t_area(id,a_city_id,a_name) values(2275,260,'施秉县');
insert into t_area(id,a_city_id,a_name) values(2276,260,'三穗县');
insert into t_area(id,a_city_id,a_name) values(2277,260,'镇远县');
insert into t_area(id,a_city_id,a_name) values(2278,260,'岑巩县');
insert into t_area(id,a_city_id,a_name) values(2279,260,'天柱县');
insert into t_area(id,a_city_id,a_name) values(2280,260,'锦屏县');
insert into t_area(id,a_city_id,a_name) values(2281,260,'剑河县');
insert into t_area(id,a_city_id,a_name) values(2282,260,'台江县');
insert into t_area(id,a_city_id,a_name) values(2283,260,'黎平县');
insert into t_area(id,a_city_id,a_name) values(2284,260,'榕江县');
insert into t_area(id,a_city_id,a_name) values(2285,260,'从江县');
insert into t_area(id,a_city_id,a_name) values(2286,260,'雷山县');
insert into t_area(id,a_city_id,a_name) values(2287,260,'麻江县');
insert into t_area(id,a_city_id,a_name) values(2288,260,'丹寨县');
insert into t_city(id,c_province_id,c_name) values(261,24,'黔南布依族苗族自治州');
insert into t_area(id,a_city_id,a_name) values(2289,261,'都匀市');
insert into t_area(id,a_city_id,a_name) values(2290,261,'福泉市');
insert into t_area(id,a_city_id,a_name) values(2291,261,'荔波县');
insert into t_area(id,a_city_id,a_name) values(2292,261,'贵定县');
insert into t_area(id,a_city_id,a_name) values(2293,261,'瓮安县');
insert into t_area(id,a_city_id,a_name) values(2294,261,'独山县');
insert into t_area(id,a_city_id,a_name) values(2295,261,'平塘县');
insert into t_area(id,a_city_id,a_name) values(2296,261,'罗甸县');
insert into t_area(id,a_city_id,a_name) values(2297,261,'长顺县');
insert into t_area(id,a_city_id,a_name) values(2298,261,'龙里县');
insert into t_area(id,a_city_id,a_name) values(2299,261,'惠水县');
insert into t_area(id,a_city_id,a_name) values(2300,261,'三都水族自治县');
insert into t_province(id,p_name) values(25,'云南省');
insert into t_city(id,c_province_id,c_name) values(262,25,'昆明市');
insert into t_area(id,a_city_id,a_name) values(2301,262,'五华区');
insert into t_area(id,a_city_id,a_name) values(2302,262,'盘龙区');
insert into t_area(id,a_city_id,a_name) values(2303,262,'官渡区');
insert into t_area(id,a_city_id,a_name) values(2304,262,'西山区');
insert into t_area(id,a_city_id,a_name) values(2305,262,'东川区');
insert into t_area(id,a_city_id,a_name) values(2306,262,'呈贡县');
insert into t_area(id,a_city_id,a_name) values(2307,262,'晋宁县');
insert into t_area(id,a_city_id,a_name) values(2308,262,'富民县');
insert into t_area(id,a_city_id,a_name) values(2309,262,'宜良县');
insert into t_area(id,a_city_id,a_name) values(2310,262,'石林彝族自治县');
insert into t_area(id,a_city_id,a_name) values(2311,262,'嵩明县');
insert into t_area(id,a_city_id,a_name) values(2312,262,'禄劝彝族苗族自治县');
insert into t_area(id,a_city_id,a_name) values(2313,262,'寻甸回族彝族自治县');
insert into t_area(id,a_city_id,a_name) values(2314,262,'安宁市');
insert into t_city(id,c_province_id,c_name) values(263,25,'曲靖市');
insert into t_area(id,a_city_id,a_name) values(2315,263,'麒麟区');
insert into t_area(id,a_city_id,a_name) values(2316,263,'马龙县');
insert into t_area(id,a_city_id,a_name) values(2317,263,'陆良县');
insert into t_area(id,a_city_id,a_name) values(2318,263,'师宗县');
insert into t_area(id,a_city_id,a_name) values(2319,263,'罗平县');
insert into t_area(id,a_city_id,a_name) values(2320,263,'富源县');
insert into t_area(id,a_city_id,a_name) values(2321,263,'会泽县');
insert into t_area(id,a_city_id,a_name) values(2322,263,'沾益县');
insert into t_area(id,a_city_id,a_name) values(2323,263,'宣威市');
insert into t_city(id,c_province_id,c_name) values(264,25,'玉溪市');
insert into t_area(id,a_city_id,a_name) values(2324,264,'红塔区');
insert into t_area(id,a_city_id,a_name) values(2325,264,'江川县');
insert into t_area(id,a_city_id,a_name) values(2326,264,'澄江县');
insert into t_area(id,a_city_id,a_name) values(2327,264,'通海县');
insert into t_area(id,a_city_id,a_name) values(2328,264,'华宁县');
insert into t_area(id,a_city_id,a_name) values(2329,264,'易门县');
insert into t_area(id,a_city_id,a_name) values(2330,264,'峨山彝族自治县');
insert into t_area(id,a_city_id,a_name) values(2331,264,'新平彝族傣族自治县');
insert into t_area(id,a_city_id,a_name) values(2332,264,'元江哈尼族彝族傣族自治县');
insert into t_city(id,c_province_id,c_name) values(265,25,'昭通地区');
insert into t_area(id,a_city_id,a_name) values(2333,265,'昭通市');
insert into t_area(id,a_city_id,a_name) values(2334,265,'鲁甸县');
insert into t_area(id,a_city_id,a_name) values(2335,265,'巧家县');
insert into t_area(id,a_city_id,a_name) values(2336,265,'盐津县');
insert into t_area(id,a_city_id,a_name) values(2337,265,'大关县');
insert into t_area(id,a_city_id,a_name) values(2338,265,'永善县');
insert into t_area(id,a_city_id,a_name) values(2339,265,'绥江县');
insert into t_area(id,a_city_id,a_name) values(2340,265,'镇雄县');
insert into t_area(id,a_city_id,a_name) values(2341,265,'彝良县');
insert into t_area(id,a_city_id,a_name) values(2342,265,'威信县');
insert into t_area(id,a_city_id,a_name) values(2343,265,'水富县');
insert into t_city(id,c_province_id,c_name) values(266,25,'楚雄彝族自治州');
insert into t_area(id,a_city_id,a_name) values(2344,266,'楚雄市');
insert into t_area(id,a_city_id,a_name) values(2345,266,'双柏县');
insert into t_area(id,a_city_id,a_name) values(2346,266,'牟定县');
insert into t_area(id,a_city_id,a_name) values(2347,266,'南华县');
insert into t_area(id,a_city_id,a_name) values(2348,266,'姚安县');
insert into t_area(id,a_city_id,a_name) values(2349,266,'大姚县');
insert into t_area(id,a_city_id,a_name) values(2350,266,'永仁县');
insert into t_area(id,a_city_id,a_name) values(2351,266,'元谋县');
insert into t_area(id,a_city_id,a_name) values(2352,266,'武定县');
insert into t_area(id,a_city_id,a_name) values(2353,266,'禄丰县');
insert into t_city(id,c_province_id,c_name) values(267,25,'红河哈尼族彝族自治州');
insert into t_area(id,a_city_id,a_name) values(2354,267,'个旧市');
insert into t_area(id,a_city_id,a_name) values(2355,267,'开远市');
insert into t_area(id,a_city_id,a_name) values(2356,267,'蒙自县');
insert into t_area(id,a_city_id,a_name) values(2357,267,'屏边苗族自治县');
insert into t_area(id,a_city_id,a_name) values(2358,267,'建水县');
insert into t_area(id,a_city_id,a_name) values(2359,267,'石屏县');
insert into t_area(id,a_city_id,a_name) values(2360,267,'弥勒县');
insert into t_area(id,a_city_id,a_name) values(2361,267,'泸西县');
insert into t_area(id,a_city_id,a_name) values(2362,267,'元阳县');
insert into t_area(id,a_city_id,a_name) values(2363,267,'红河县');
insert into t_area(id,a_city_id,a_name) values(2364,267,'金平苗族瑶族傣族自治县');
insert into t_area(id,a_city_id,a_name) values(2365,267,'绿春县');
insert into t_area(id,a_city_id,a_name) values(2366,267,'河口瑶族自治县');
insert into t_city(id,c_province_id,c_name) values(268,25,'文山壮族苗族自治州');
insert into t_area(id,a_city_id,a_name) values(2367,268,'文山县');
insert into t_area(id,a_city_id,a_name) values(2368,268,'砚山县');
insert into t_area(id,a_city_id,a_name) values(2369,268,'西畴县');
insert into t_area(id,a_city_id,a_name) values(2370,268,'麻栗坡县');
insert into t_area(id,a_city_id,a_name) values(2371,268,'马关县');
insert into t_area(id,a_city_id,a_name) values(2372,268,'丘北县');
insert into t_area(id,a_city_id,a_name) values(2373,268,'广南县');
insert into t_area(id,a_city_id,a_name) values(2374,268,'富宁县');
insert into t_city(id,c_province_id,c_name) values(269,25,'思茅市');
insert into t_area(id,a_city_id,a_name) values(2375,269,'思茅市');
insert into t_area(id,a_city_id,a_name) values(2376,269,'普洱哈尼族彝族自治县');
insert into t_area(id,a_city_id,a_name) values(2377,269,'墨江哈尼族自治县');
insert into t_area(id,a_city_id,a_name) values(2378,269,'景东彝族自治县');
insert into t_area(id,a_city_id,a_name) values(2379,269,'景谷傣族彝族自治县');
insert into t_area(id,a_city_id,a_name) values(2380,269,'镇沅彝族哈尼族拉祜族自治县');
insert into t_area(id,a_city_id,a_name) values(2381,269,'江城哈尼族彝族自治县');
insert into t_area(id,a_city_id,a_name) values(2382,269,'孟连傣族拉祜族佤族自治县');
insert into t_area(id,a_city_id,a_name) values(2383,269,'澜沧拉祜族自治县');
insert into t_area(id,a_city_id,a_name) values(2384,269,'西盟佤族自治县');
insert into t_city(id,c_province_id,c_name) values(270,25,'西双版纳傣族自治州');
insert into t_area(id,a_city_id,a_name) values(2385,270,'景洪市');
insert into t_area(id,a_city_id,a_name) values(2386,270,'勐海县');
insert into t_area(id,a_city_id,a_name) values(2387,270,'勐腊县');
insert into t_city(id,c_province_id,c_name) values(271,25,'大理白族自治州');
insert into t_area(id,a_city_id,a_name) values(2388,271,'大理市');
insert into t_area(id,a_city_id,a_name) values(2389,271,'漾濞彝族自治县');
insert into t_area(id,a_city_id,a_name) values(2390,271,'祥云县');
insert into t_area(id,a_city_id,a_name) values(2391,271,'宾川县');
insert into t_area(id,a_city_id,a_name) values(2392,271,'弥渡县');
insert into t_area(id,a_city_id,a_name) values(2393,271,'南涧彝族自治县');
insert into t_area(id,a_city_id,a_name) values(2394,271,'巍山彝族回族自治县');
insert into t_area(id,a_city_id,a_name) values(2395,271,'永平县');
insert into t_area(id,a_city_id,a_name) values(2396,271,'云龙县');
insert into t_area(id,a_city_id,a_name) values(2397,271,'洱源县');
insert into t_area(id,a_city_id,a_name) values(2398,271,'剑川县');
insert into t_area(id,a_city_id,a_name) values(2399,271,'鹤庆县');
insert into t_city(id,c_province_id,c_name) values(272,25,'保山地区');
insert into t_area(id,a_city_id,a_name) values(2400,272,'保山市');
insert into t_area(id,a_city_id,a_name) values(2401,272,'施甸县');
insert into t_area(id,a_city_id,a_name) values(2402,272,'腾冲县');
insert into t_area(id,a_city_id,a_name) values(2403,272,'龙陵县');
insert into t_area(id,a_city_id,a_name) values(2404,272,'昌宁县');
insert into t_city(id,c_province_id,c_name) values(273,25,'德宏傣族景颇族自治州');
insert into t_area(id,a_city_id,a_name) values(2405,273,'畹町市');
insert into t_area(id,a_city_id,a_name) values(2406,273,'瑞丽市');
insert into t_area(id,a_city_id,a_name) values(2407,273,'潞西市');
insert into t_area(id,a_city_id,a_name) values(2408,273,'梁河县');
insert into t_area(id,a_city_id,a_name) values(2409,273,'盈江县');
insert into t_area(id,a_city_id,a_name) values(2410,273,'陇川县');
insert into t_city(id,c_province_id,c_name) values(274,25,'丽江地区');
insert into t_area(id,a_city_id,a_name) values(2411,274,'丽江纳西族自治县');
insert into t_area(id,a_city_id,a_name) values(2412,274,'永胜县');
insert into t_area(id,a_city_id,a_name) values(2413,274,'华坪县');
insert into t_area(id,a_city_id,a_name) values(2414,274,'宁蒗彝族自治县');
insert into t_city(id,c_province_id,c_name) values(275,25,'怒江傈僳族自治州');
insert into t_area(id,a_city_id,a_name) values(2415,275,'泸水县');
insert into t_area(id,a_city_id,a_name) values(2416,275,'福贡县');
insert into t_area(id,a_city_id,a_name) values(2417,275,'贡山独龙族怒族自治县');
insert into t_area(id,a_city_id,a_name) values(2418,275,'兰坪白族普米族自治县');
insert into t_city(id,c_province_id,c_name) values(276,25,'迪庆藏族自治州');
insert into t_area(id,a_city_id,a_name) values(2419,276,'中甸县');
insert into t_area(id,a_city_id,a_name) values(2420,276,'德钦县');
insert into t_area(id,a_city_id,a_name) values(2421,276,'维西傈僳族自治县');
insert into t_city(id,c_province_id,c_name) values(277,25,'临沧地区');
insert into t_area(id,a_city_id,a_name) values(2422,277,'临沧县');
insert into t_area(id,a_city_id,a_name) values(2423,277,'凤庆县');
insert into t_area(id,a_city_id,a_name) values(2424,277,'云  县');
insert into t_area(id,a_city_id,a_name) values(2425,277,'永德县');
insert into t_area(id,a_city_id,a_name) values(2426,277,'镇康县');
insert into t_area(id,a_city_id,a_name) values(2427,277,'双江拉祜族佤族布朗族傣族自治县');
insert into t_area(id,a_city_id,a_name) values(2428,277,'耿马傣族佤族自治县');
insert into t_area(id,a_city_id,a_name) values(2429,277,'沧源佤族自治县');
insert into t_province(id,p_name) values(26,'西藏');
insert into t_city(id,c_province_id,c_name) values(278,26,'拉萨市');
insert into t_area(id,a_city_id,a_name) values(2430,278,'城关区');
insert into t_area(id,a_city_id,a_name) values(2431,278,'林周县');
insert into t_area(id,a_city_id,a_name) values(2432,278,'当雄县');
insert into t_area(id,a_city_id,a_name) values(2433,278,'尼木县');
insert into t_area(id,a_city_id,a_name) values(2434,278,'曲水县');
insert into t_area(id,a_city_id,a_name) values(2435,278,'堆龙德庆县');
insert into t_area(id,a_city_id,a_name) values(2436,278,'达孜县');
insert into t_area(id,a_city_id,a_name) values(2437,278,'墨竹工卡县');
insert into t_city(id,c_province_id,c_name) values(279,26,'昌都地区');
insert into t_area(id,a_city_id,a_name) values(2438,279,'昌都县');
insert into t_area(id,a_city_id,a_name) values(2439,279,'江达县');
insert into t_area(id,a_city_id,a_name) values(2440,279,'贡觉县');
insert into t_area(id,a_city_id,a_name) values(2441,279,'类乌齐县');
insert into t_area(id,a_city_id,a_name) values(2442,279,'丁青县');
insert into t_area(id,a_city_id,a_name) values(2443,279,'察雅县');
insert into t_area(id,a_city_id,a_name) values(2444,279,'八宿县');
insert into t_area(id,a_city_id,a_name) values(2445,279,'左贡县');
insert into t_area(id,a_city_id,a_name) values(2446,279,'芒康县');
insert into t_area(id,a_city_id,a_name) values(2447,279,'洛隆县');
insert into t_area(id,a_city_id,a_name) values(2448,279,'边坝县');
insert into t_city(id,c_province_id,c_name) values(280,26,'山南地区');
insert into t_area(id,a_city_id,a_name) values(2449,280,'乃东县');
insert into t_area(id,a_city_id,a_name) values(2450,280,'扎囊县');
insert into t_area(id,a_city_id,a_name) values(2451,280,'贡嘎县');
insert into t_area(id,a_city_id,a_name) values(2452,280,'桑日县');
insert into t_area(id,a_city_id,a_name) values(2453,280,'琼结县');
insert into t_area(id,a_city_id,a_name) values(2454,280,'曲松县');
insert into t_area(id,a_city_id,a_name) values(2455,280,'措美县');
insert into t_area(id,a_city_id,a_name) values(2456,280,'洛扎县');
insert into t_area(id,a_city_id,a_name) values(2457,280,'加查县');
insert into t_area(id,a_city_id,a_name) values(2458,280,'隆子县');
insert into t_area(id,a_city_id,a_name) values(2459,280,'错那县');
insert into t_area(id,a_city_id,a_name) values(2460,280,'浪卡子县');
insert into t_city(id,c_province_id,c_name) values(281,26,'日喀则地区');
insert into t_area(id,a_city_id,a_name) values(2461,281,'日喀则市');
insert into t_area(id,a_city_id,a_name) values(2462,281,'南木林县');
insert into t_area(id,a_city_id,a_name) values(2463,281,'江孜县');
insert into t_area(id,a_city_id,a_name) values(2464,281,'定日县');
insert into t_area(id,a_city_id,a_name) values(2465,281,'萨迦县');
insert into t_area(id,a_city_id,a_name) values(2466,281,'拉孜县');
insert into t_area(id,a_city_id,a_name) values(2467,281,'昂仁县');
insert into t_area(id,a_city_id,a_name) values(2468,281,'谢通门县');
insert into t_area(id,a_city_id,a_name) values(2469,281,'白朗县');
insert into t_area(id,a_city_id,a_name) values(2470,281,'仁布县');
insert into t_area(id,a_city_id,a_name) values(2471,281,'康马县');
insert into t_area(id,a_city_id,a_name) values(2472,281,'定结县');
insert into t_area(id,a_city_id,a_name) values(2473,281,'仲巴县');
insert into t_area(id,a_city_id,a_name) values(2474,281,'亚东县');
insert into t_area(id,a_city_id,a_name) values(2475,281,'吉隆县');
insert into t_area(id,a_city_id,a_name) values(2476,281,'聂拉木县');
insert into t_area(id,a_city_id,a_name) values(2477,281,'萨嘎县');
insert into t_area(id,a_city_id,a_name) values(2478,281,'岗巴县');
insert into t_city(id,c_province_id,c_name) values(282,26,'那曲地区');
insert into t_area(id,a_city_id,a_name) values(2479,282,'那曲县');
insert into t_area(id,a_city_id,a_name) values(2480,282,'嘉黎县');
insert into t_area(id,a_city_id,a_name) values(2481,282,'比如县');
insert into t_area(id,a_city_id,a_name) values(2482,282,'聂荣县');
insert into t_area(id,a_city_id,a_name) values(2483,282,'安多县');
insert into t_area(id,a_city_id,a_name) values(2484,282,'申扎县');
insert into t_area(id,a_city_id,a_name) values(2485,282,'索  县');
insert into t_area(id,a_city_id,a_name) values(2486,282,'班戈县');
insert into t_area(id,a_city_id,a_name) values(2487,282,'巴青县');
insert into t_area(id,a_city_id,a_name) values(2488,282,'尼玛县');
insert into t_city(id,c_province_id,c_name) values(283,26,'阿里地区');
insert into t_area(id,a_city_id,a_name) values(2489,283,'普兰县');
insert into t_area(id,a_city_id,a_name) values(2490,283,'札达县');
insert into t_area(id,a_city_id,a_name) values(2491,283,'噶尔县');
insert into t_area(id,a_city_id,a_name) values(2492,283,'日土县');
insert into t_area(id,a_city_id,a_name) values(2493,283,'革吉县');
insert into t_area(id,a_city_id,a_name) values(2494,283,'改则县');
insert into t_area(id,a_city_id,a_name) values(2495,283,'措勤县');
insert into t_city(id,c_province_id,c_name) values(284,26,'林芝地区');
insert into t_area(id,a_city_id,a_name) values(2496,284,'林芝县');
insert into t_area(id,a_city_id,a_name) values(2497,284,'工布江达县');
insert into t_area(id,a_city_id,a_name) values(2498,284,'米林县');
insert into t_area(id,a_city_id,a_name) values(2499,284,'墨脱县');
insert into t_area(id,a_city_id,a_name) values(2500,284,'波密县');
insert into t_area(id,a_city_id,a_name) values(2501,284,'察隅县');
insert into t_area(id,a_city_id,a_name) values(2502,284,'朗  县');
insert into t_province(id,p_name) values(27,'陕西省');
insert into t_city(id,c_province_id,c_name) values(285,27,'西安市');
insert into t_area(id,a_city_id,a_name) values(2503,285,'新城区');
insert into t_area(id,a_city_id,a_name) values(2504,285,'碑林区');
insert into t_area(id,a_city_id,a_name) values(2505,285,'莲湖区');
insert into t_area(id,a_city_id,a_name) values(2506,285,'灞桥区');
insert into t_area(id,a_city_id,a_name) values(2507,285,'未央区');
insert into t_area(id,a_city_id,a_name) values(2508,285,'雁塔区');
insert into t_area(id,a_city_id,a_name) values(2509,285,'阎良区');
insert into t_area(id,a_city_id,a_name) values(2510,285,'临潼区');
insert into t_area(id,a_city_id,a_name) values(2511,285,'长安县');
insert into t_area(id,a_city_id,a_name) values(2512,285,'蓝田县');
insert into t_area(id,a_city_id,a_name) values(2513,285,'周至县');
insert into t_area(id,a_city_id,a_name) values(2514,285,'户  县');
insert into t_area(id,a_city_id,a_name) values(2515,285,'高陵县');
insert into t_city(id,c_province_id,c_name) values(286,27,'铜川市');
insert into t_area(id,a_city_id,a_name) values(2516,286,'城  区');
insert into t_area(id,a_city_id,a_name) values(2517,286,'郊  区');
insert into t_area(id,a_city_id,a_name) values(2518,286,'耀  县');
insert into t_area(id,a_city_id,a_name) values(2519,286,'宜君县');
insert into t_city(id,c_province_id,c_name) values(287,27,'宝鸡市');
insert into t_area(id,a_city_id,a_name) values(2520,287,'渭滨区');
insert into t_area(id,a_city_id,a_name) values(2521,287,'金台区');
insert into t_area(id,a_city_id,a_name) values(2522,287,'宝鸡县');
insert into t_area(id,a_city_id,a_name) values(2523,287,'凤翔县');
insert into t_area(id,a_city_id,a_name) values(2524,287,'岐山县');
insert into t_area(id,a_city_id,a_name) values(2525,287,'扶风县');
insert into t_area(id,a_city_id,a_name) values(2526,287,'眉  县');
insert into t_area(id,a_city_id,a_name) values(2527,287,'陇  县');
insert into t_area(id,a_city_id,a_name) values(2528,287,'千阳县');
insert into t_area(id,a_city_id,a_name) values(2529,287,'麟游县');
insert into t_area(id,a_city_id,a_name) values(2530,287,'凤  县');
insert into t_area(id,a_city_id,a_name) values(2531,287,'太白县');
insert into t_city(id,c_province_id,c_name) values(288,27,'咸阳市');
insert into t_area(id,a_city_id,a_name) values(2532,288,'秦都区');
insert into t_area(id,a_city_id,a_name) values(2533,288,'杨陵区');
insert into t_area(id,a_city_id,a_name) values(2534,288,'渭城区');
insert into t_area(id,a_city_id,a_name) values(2535,288,'三原县');
insert into t_area(id,a_city_id,a_name) values(2536,288,'泾阳县');
insert into t_area(id,a_city_id,a_name) values(2537,288,'乾  县');
insert into t_area(id,a_city_id,a_name) values(2538,288,'礼泉县');
insert into t_area(id,a_city_id,a_name) values(2539,288,'永寿县');
insert into t_area(id,a_city_id,a_name) values(2540,288,'彬  县');
insert into t_area(id,a_city_id,a_name) values(2541,288,'长武县');
insert into t_area(id,a_city_id,a_name) values(2542,288,'旬邑县');
insert into t_area(id,a_city_id,a_name) values(2543,288,'淳化县');
insert into t_area(id,a_city_id,a_name) values(2544,288,'武功县');
insert into t_area(id,a_city_id,a_name) values(2545,288,'兴平市');
insert into t_city(id,c_province_id,c_name) values(289,27,'渭南市');
insert into t_area(id,a_city_id,a_name) values(2546,289,'临渭区');
insert into t_area(id,a_city_id,a_name) values(2547,289,'华  县');
insert into t_area(id,a_city_id,a_name) values(2548,289,'潼关县');
insert into t_area(id,a_city_id,a_name) values(2549,289,'大荔县');
insert into t_area(id,a_city_id,a_name) values(2550,289,'合阳县');
insert into t_area(id,a_city_id,a_name) values(2551,289,'澄城县');
insert into t_area(id,a_city_id,a_name) values(2552,289,'蒲城县');
insert into t_area(id,a_city_id,a_name) values(2553,289,'白水县');
insert into t_area(id,a_city_id,a_name) values(2554,289,'富平县');
insert into t_area(id,a_city_id,a_name) values(2555,289,'韩城市');
insert into t_area(id,a_city_id,a_name) values(2556,289,'华阴市');
insert into t_city(id,c_province_id,c_name) values(290,27,'延安市');
insert into t_area(id,a_city_id,a_name) values(2557,290,'宝塔区');
insert into t_area(id,a_city_id,a_name) values(2558,290,'延长县');
insert into t_area(id,a_city_id,a_name) values(2559,290,'延川县');
insert into t_area(id,a_city_id,a_name) values(2560,290,'子长县');
insert into t_area(id,a_city_id,a_name) values(2561,290,'安塞县');
insert into t_area(id,a_city_id,a_name) values(2562,290,'志丹县');
insert into t_area(id,a_city_id,a_name) values(2563,290,'吴旗县');
insert into t_area(id,a_city_id,a_name) values(2564,290,'甘泉县');
insert into t_area(id,a_city_id,a_name) values(2565,290,'富  县');
insert into t_area(id,a_city_id,a_name) values(2566,290,'洛川县');
insert into t_area(id,a_city_id,a_name) values(2567,290,'宜川县');
insert into t_area(id,a_city_id,a_name) values(2568,290,'黄龙县');
insert into t_area(id,a_city_id,a_name) values(2569,290,'黄陵县');
insert into t_city(id,c_province_id,c_name) values(291,27,'汉中市');
insert into t_area(id,a_city_id,a_name) values(2570,291,'汉台区');
insert into t_area(id,a_city_id,a_name) values(2571,291,'南郑县');
insert into t_area(id,a_city_id,a_name) values(2572,291,'城固县');
insert into t_area(id,a_city_id,a_name) values(2573,291,'洋  县');
insert into t_area(id,a_city_id,a_name) values(2574,291,'西乡县');
insert into t_area(id,a_city_id,a_name) values(2575,291,'勉  县');
insert into t_area(id,a_city_id,a_name) values(2576,291,'宁强县');
insert into t_area(id,a_city_id,a_name) values(2577,291,'略阳县');
insert into t_area(id,a_city_id,a_name) values(2578,291,'镇巴县');
insert into t_area(id,a_city_id,a_name) values(2579,291,'留坝县');
insert into t_area(id,a_city_id,a_name) values(2580,291,'佛坪县');
insert into t_city(id,c_province_id,c_name) values(292,27,'安康地区');
insert into t_area(id,a_city_id,a_name) values(2581,292,'安康市');
insert into t_area(id,a_city_id,a_name) values(2582,292,'汉阴县');
insert into t_area(id,a_city_id,a_name) values(2583,292,'石泉县');
insert into t_area(id,a_city_id,a_name) values(2584,292,'宁陕县');
insert into t_area(id,a_city_id,a_name) values(2585,292,'紫阳县');
insert into t_area(id,a_city_id,a_name) values(2586,292,'岚皋县');
insert into t_area(id,a_city_id,a_name) values(2587,292,'平利县');
insert into t_area(id,a_city_id,a_name) values(2588,292,'镇坪县');
insert into t_area(id,a_city_id,a_name) values(2589,292,'旬阳县');
insert into t_area(id,a_city_id,a_name) values(2590,292,'白河县');
insert into t_city(id,c_province_id,c_name) values(293,27,'商洛地区');
insert into t_area(id,a_city_id,a_name) values(2591,293,'商州市');
insert into t_area(id,a_city_id,a_name) values(2592,293,'洛南县');
insert into t_area(id,a_city_id,a_name) values(2593,293,'丹凤县');
insert into t_area(id,a_city_id,a_name) values(2594,293,'商南县');
insert into t_area(id,a_city_id,a_name) values(2595,293,'山阳县');
insert into t_area(id,a_city_id,a_name) values(2596,293,'镇安县');
insert into t_area(id,a_city_id,a_name) values(2597,293,'柞水县');
insert into t_city(id,c_province_id,c_name) values(294,27,'榆林地区');
insert into t_area(id,a_city_id,a_name) values(2598,294,'榆林市');
insert into t_area(id,a_city_id,a_name) values(2599,294,'神木县');
insert into t_area(id,a_city_id,a_name) values(2600,294,'府谷县');
insert into t_area(id,a_city_id,a_name) values(2601,294,'横山县');
insert into t_area(id,a_city_id,a_name) values(2602,294,'靖边县');
insert into t_area(id,a_city_id,a_name) values(2603,294,'定边县');
insert into t_area(id,a_city_id,a_name) values(2604,294,'绥德县');
insert into t_area(id,a_city_id,a_name) values(2605,294,'米脂县');
insert into t_area(id,a_city_id,a_name) values(2606,294,'佳  县');
insert into t_area(id,a_city_id,a_name) values(2607,294,'吴堡县');
insert into t_area(id,a_city_id,a_name) values(2608,294,'清涧县');
insert into t_area(id,a_city_id,a_name) values(2609,294,'子洲县');
insert into t_province(id,p_name) values(28,'甘肃省');
insert into t_city(id,c_province_id,c_name) values(295,28,'兰州市');
insert into t_area(id,a_city_id,a_name) values(2610,295,'城关区');
insert into t_area(id,a_city_id,a_name) values(2611,295,'七里河区');
insert into t_area(id,a_city_id,a_name) values(2612,295,'西固区');
insert into t_area(id,a_city_id,a_name) values(2613,295,'安宁区');
insert into t_area(id,a_city_id,a_name) values(2614,295,'红古区');
insert into t_area(id,a_city_id,a_name) values(2615,295,'永登县');
insert into t_area(id,a_city_id,a_name) values(2616,295,'皋兰县');
insert into t_area(id,a_city_id,a_name) values(2617,295,'榆中县');
insert into t_city(id,c_province_id,c_name) values(296,28,'嘉峪关市');
insert into t_area(id,a_city_id,a_name) values(2618,296,'市辖区');
insert into t_city(id,c_province_id,c_name) values(297,28,'金昌市');
insert into t_area(id,a_city_id,a_name) values(2619,297,'金川区');
insert into t_area(id,a_city_id,a_name) values(2620,297,'永昌县');
insert into t_city(id,c_province_id,c_name) values(298,28,'白银市');
insert into t_area(id,a_city_id,a_name) values(2621,298,'白银区');
insert into t_area(id,a_city_id,a_name) values(2622,298,'平川区');
insert into t_area(id,a_city_id,a_name) values(2623,298,'靖远县');
insert into t_area(id,a_city_id,a_name) values(2624,298,'会宁县');
insert into t_area(id,a_city_id,a_name) values(2625,298,'景泰县');
insert into t_city(id,c_province_id,c_name) values(299,28,'天水市');
insert into t_area(id,a_city_id,a_name) values(2626,299,'秦城区');
insert into t_area(id,a_city_id,a_name) values(2627,299,'北道区');
insert into t_area(id,a_city_id,a_name) values(2628,299,'清水县');
insert into t_area(id,a_city_id,a_name) values(2629,299,'秦安县');
insert into t_area(id,a_city_id,a_name) values(2630,299,'甘谷县');
insert into t_area(id,a_city_id,a_name) values(2631,299,'武山县');
insert into t_area(id,a_city_id,a_name) values(2632,299,'张家川回族自治县');
insert into t_city(id,c_province_id,c_name) values(300,28,'酒泉地区');
insert into t_area(id,a_city_id,a_name) values(2633,300,'玉门市');
insert into t_area(id,a_city_id,a_name) values(2634,300,'酒泉市');
insert into t_area(id,a_city_id,a_name) values(2635,300,'敦煌市');
insert into t_area(id,a_city_id,a_name) values(2636,300,'金塔县');
insert into t_area(id,a_city_id,a_name) values(2637,300,'肃北蒙古族自治县');
insert into t_area(id,a_city_id,a_name) values(2638,300,'阿克塞哈萨克族自治县');
insert into t_area(id,a_city_id,a_name) values(2639,300,'安西县');
insert into t_city(id,c_province_id,c_name) values(301,28,'张掖地区');
insert into t_area(id,a_city_id,a_name) values(2640,301,'张掖市');
insert into t_area(id,a_city_id,a_name) values(2641,301,'肃南裕固族自治县');
insert into t_area(id,a_city_id,a_name) values(2642,301,'民乐县');
insert into t_area(id,a_city_id,a_name) values(2643,301,'临泽县');
insert into t_area(id,a_city_id,a_name) values(2644,301,'高台县');
insert into t_area(id,a_city_id,a_name) values(2645,301,'山丹县');
insert into t_city(id,c_province_id,c_name) values(302,28,'武威地区');
insert into t_area(id,a_city_id,a_name) values(2646,302,'武威市');
insert into t_area(id,a_city_id,a_name) values(2647,302,'民勤县');
insert into t_area(id,a_city_id,a_name) values(2648,302,'古浪县');
insert into t_area(id,a_city_id,a_name) values(2649,302,'天祝藏族自治县');
insert into t_city(id,c_province_id,c_name) values(303,28,'定西地区');
insert into t_area(id,a_city_id,a_name) values(2650,303,'定西县');
insert into t_area(id,a_city_id,a_name) values(2651,303,'通渭县');
insert into t_area(id,a_city_id,a_name) values(2652,303,'陇西县');
insert into t_area(id,a_city_id,a_name) values(2653,303,'渭源县');
insert into t_area(id,a_city_id,a_name) values(2654,303,'临洮县');
insert into t_area(id,a_city_id,a_name) values(2655,303,'漳  县');
insert into t_area(id,a_city_id,a_name) values(2656,303,'岷  县');
insert into t_city(id,c_province_id,c_name) values(304,28,'陇南地区');
insert into t_area(id,a_city_id,a_name) values(2657,304,'武都县');
insert into t_area(id,a_city_id,a_name) values(2658,304,'宕昌县');
insert into t_area(id,a_city_id,a_name) values(2659,304,'成  县');
insert into t_area(id,a_city_id,a_name) values(2660,304,'康  县');
insert into t_area(id,a_city_id,a_name) values(2661,304,'文  县');
insert into t_area(id,a_city_id,a_name) values(2662,304,'西和县');
insert into t_area(id,a_city_id,a_name) values(2663,304,'礼  县');
insert into t_area(id,a_city_id,a_name) values(2664,304,'两当县');
insert into t_area(id,a_city_id,a_name) values(2665,304,'徽  县');
insert into t_city(id,c_province_id,c_name) values(305,28,'平凉地区');
insert into t_area(id,a_city_id,a_name) values(2666,305,'平凉市');
insert into t_area(id,a_city_id,a_name) values(2667,305,'泾川县');
insert into t_area(id,a_city_id,a_name) values(2668,305,'灵台县');
insert into t_area(id,a_city_id,a_name) values(2669,305,'崇信县');
insert into t_area(id,a_city_id,a_name) values(2670,305,'华亭县');
insert into t_area(id,a_city_id,a_name) values(2671,305,'庄浪县');
insert into t_area(id,a_city_id,a_name) values(2672,305,'静宁县');
insert into t_city(id,c_province_id,c_name) values(306,28,'庆阳地区');
insert into t_area(id,a_city_id,a_name) values(2673,306,'西峰市');
insert into t_area(id,a_city_id,a_name) values(2674,306,'庆阳县');
insert into t_area(id,a_city_id,a_name) values(2675,306,'环  县');
insert into t_area(id,a_city_id,a_name) values(2676,306,'华池县');
insert into t_area(id,a_city_id,a_name) values(2677,306,'合水县');
insert into t_area(id,a_city_id,a_name) values(2678,306,'正宁县');
insert into t_area(id,a_city_id,a_name) values(2679,306,'宁  县');
insert into t_area(id,a_city_id,a_name) values(2680,306,'镇原县');
insert into t_city(id,c_province_id,c_name) values(307,28,'临夏回族自治州');
insert into t_area(id,a_city_id,a_name) values(2681,307,'临夏市');
insert into t_area(id,a_city_id,a_name) values(2682,307,'临夏县');
insert into t_area(id,a_city_id,a_name) values(2683,307,'康乐县');
insert into t_area(id,a_city_id,a_name) values(2684,307,'永靖县');
insert into t_area(id,a_city_id,a_name) values(2685,307,'广河县');
insert into t_area(id,a_city_id,a_name) values(2686,307,'和政县');
insert into t_area(id,a_city_id,a_name) values(2687,307,'东乡族自治县');
insert into t_area(id,a_city_id,a_name) values(2688,307,'积石山保安族东乡族撒拉族自治县');
insert into t_city(id,c_province_id,c_name) values(308,28,'甘南藏族自治州');
insert into t_area(id,a_city_id,a_name) values(2689,308,'合作市');
insert into t_area(id,a_city_id,a_name) values(2690,308,'临潭县');
insert into t_area(id,a_city_id,a_name) values(2691,308,'卓尼县');
insert into t_area(id,a_city_id,a_name) values(2692,308,'舟曲县');
insert into t_area(id,a_city_id,a_name) values(2693,308,'迭部县');
insert into t_area(id,a_city_id,a_name) values(2694,308,'玛曲县');
insert into t_area(id,a_city_id,a_name) values(2695,308,'碌曲县');
insert into t_area(id,a_city_id,a_name) values(2696,308,'夏河县');
insert into t_province(id,p_name) values(29,'青海省');
insert into t_city(id,c_province_id,c_name) values(309,29,'西宁市');
insert into t_area(id,a_city_id,a_name) values(2697,309,'城东区');
insert into t_area(id,a_city_id,a_name) values(2698,309,'城中区');
insert into t_area(id,a_city_id,a_name) values(2699,309,'城西区');
insert into t_area(id,a_city_id,a_name) values(2700,309,'城北区');
insert into t_area(id,a_city_id,a_name) values(2701,309,'大通回族土族自治县');
insert into t_city(id,c_province_id,c_name) values(310,29,'海东地区');
insert into t_area(id,a_city_id,a_name) values(2702,310,'平安县');
insert into t_area(id,a_city_id,a_name) values(2703,310,'民和回族土族自治县');
insert into t_area(id,a_city_id,a_name) values(2704,310,'乐都县');
insert into t_area(id,a_city_id,a_name) values(2705,310,'湟中县');
insert into t_area(id,a_city_id,a_name) values(2706,310,'湟源县');
insert into t_area(id,a_city_id,a_name) values(2707,310,'互助土族自治县');
insert into t_area(id,a_city_id,a_name) values(2708,310,'化隆回族自治县');
insert into t_area(id,a_city_id,a_name) values(2709,310,'循化撒拉族自治县');
insert into t_city(id,c_province_id,c_name) values(311,29,'海北藏族自治州');
insert into t_area(id,a_city_id,a_name) values(2710,311,'门源回族自治县');
insert into t_area(id,a_city_id,a_name) values(2711,311,'祁连县');
insert into t_area(id,a_city_id,a_name) values(2712,311,'海晏县');
insert into t_area(id,a_city_id,a_name) values(2713,311,'刚察县');
insert into t_city(id,c_province_id,c_name) values(312,29,'黄南藏族自治州');
insert into t_area(id,a_city_id,a_name) values(2714,312,'同仁县');
insert into t_area(id,a_city_id,a_name) values(2715,312,'尖扎县');
insert into t_area(id,a_city_id,a_name) values(2716,312,'泽库县');
insert into t_area(id,a_city_id,a_name) values(2717,312,'河南蒙古族自治县');
insert into t_city(id,c_province_id,c_name) values(313,29,'海南藏族自治州');
insert into t_area(id,a_city_id,a_name) values(2718,313,'共和县');
insert into t_area(id,a_city_id,a_name) values(2719,313,'同德县');
insert into t_area(id,a_city_id,a_name) values(2720,313,'贵德县');
insert into t_area(id,a_city_id,a_name) values(2721,313,'兴海县');
insert into t_area(id,a_city_id,a_name) values(2722,313,'贵南县');
insert into t_city(id,c_province_id,c_name) values(314,29,'果洛藏族自治州');
insert into t_area(id,a_city_id,a_name) values(2723,314,'玛沁县');
insert into t_area(id,a_city_id,a_name) values(2724,314,'班玛县');
insert into t_area(id,a_city_id,a_name) values(2725,314,'甘德县');
insert into t_area(id,a_city_id,a_name) values(2726,314,'达日县');
insert into t_area(id,a_city_id,a_name) values(2727,314,'久治县');
insert into t_area(id,a_city_id,a_name) values(2728,314,'玛多县');
insert into t_city(id,c_province_id,c_name) values(315,29,'玉树藏族自治州');
insert into t_area(id,a_city_id,a_name) values(2729,315,'玉树县');
insert into t_area(id,a_city_id,a_name) values(2730,315,'杂多县');
insert into t_area(id,a_city_id,a_name) values(2731,315,'称多县');
insert into t_area(id,a_city_id,a_name) values(2732,315,'治多县');
insert into t_area(id,a_city_id,a_name) values(2733,315,'囊谦县');
insert into t_area(id,a_city_id,a_name) values(2734,315,'曲麻莱县');
insert into t_city(id,c_province_id,c_name) values(316,29,'海西蒙古族藏族自治州');
insert into t_area(id,a_city_id,a_name) values(2735,316,'格尔木市');
insert into t_area(id,a_city_id,a_name) values(2736,316,'德令哈市');
insert into t_area(id,a_city_id,a_name) values(2737,316,'乌兰县');
insert into t_area(id,a_city_id,a_name) values(2738,316,'都兰县');
insert into t_area(id,a_city_id,a_name) values(2739,316,'天峻县');
insert into t_province(id,p_name) values(30,'宁夏');
insert into t_city(id,c_province_id,c_name) values(317,30,'银川市');
insert into t_area(id,a_city_id,a_name) values(2740,317,'兴庆区');
insert into t_area(id,a_city_id,a_name) values(2741,317,'西夏区');
insert into t_area(id,a_city_id,a_name) values(2742,317,'金凤区');
insert into t_area(id,a_city_id,a_name) values(2743,317,'永宁县');
insert into t_area(id,a_city_id,a_name) values(2744,317,'贺兰县');
insert into t_area(id,a_city_id,a_name) values(2745,317,'灵武市');
insert into t_city(id,c_province_id,c_name) values(318,30,'石嘴山市');
insert into t_area(id,a_city_id,a_name) values(2746,318,'大武口区');
insert into t_area(id,a_city_id,a_name) values(2747,318,'惠农区');
insert into t_area(id,a_city_id,a_name) values(2748,318,'平罗县');
insert into t_city(id,c_province_id,c_name) values(319,30,'吴忠市');
insert into t_area(id,a_city_id,a_name) values(2749,319,'利通区');
insert into t_area(id,a_city_id,a_name) values(2750,319,'红寺堡区');
insert into t_area(id,a_city_id,a_name) values(2751,319,'盐池县');
insert into t_area(id,a_city_id,a_name) values(2752,319,'同心县');
insert into t_area(id,a_city_id,a_name) values(2753,319,'青铜峡市');
insert into t_city(id,c_province_id,c_name) values(320,30,'固原地区');
insert into t_area(id,a_city_id,a_name) values(2754,320,'原州区');
insert into t_area(id,a_city_id,a_name) values(2755,320,'西吉县');
insert into t_area(id,a_city_id,a_name) values(2756,320,'隆德县');
insert into t_area(id,a_city_id,a_name) values(2757,320,'泾源县');
insert into t_area(id,a_city_id,a_name) values(2758,320,'彭阳县');
insert into t_city(id,c_province_id,c_name) values(321,30,'中 卫 市');
insert into t_area(id,a_city_id,a_name) values(2759,321,'沙坡头区');
insert into t_area(id,a_city_id,a_name) values(2760,321,'中宁县');
insert into t_area(id,a_city_id,a_name) values(2761,321,'海原县');
insert into t_province(id,p_name) values(31,'新疆');
insert into t_city(id,c_province_id,c_name) values(322,31,'乌鲁木齐市');
insert into t_area(id,a_city_id,a_name) values(2762,322,'天山区');
insert into t_area(id,a_city_id,a_name) values(2763,322,'沙依巴克区');
insert into t_area(id,a_city_id,a_name) values(2764,322,'新市区');
insert into t_area(id,a_city_id,a_name) values(2765,322,'水磨沟区');
insert into t_area(id,a_city_id,a_name) values(2766,322,'头屯河区');
insert into t_area(id,a_city_id,a_name) values(2767,322,'南山矿区');
insert into t_area(id,a_city_id,a_name) values(2768,322,'东山区');
insert into t_area(id,a_city_id,a_name) values(2769,322,'乌鲁木齐县');
insert into t_city(id,c_province_id,c_name) values(323,31,'克拉玛依市');
insert into t_area(id,a_city_id,a_name) values(2770,323,'独山子区');
insert into t_area(id,a_city_id,a_name) values(2771,323,'克拉玛依区');
insert into t_area(id,a_city_id,a_name) values(2772,323,'白碱滩区');
insert into t_area(id,a_city_id,a_name) values(2773,323,'乌尔禾区');
insert into t_city(id,c_province_id,c_name) values(324,31,'吐鲁番地区');
insert into t_area(id,a_city_id,a_name) values(2774,324,'吐鲁番市');
insert into t_area(id,a_city_id,a_name) values(2775,324,'鄯善县');
insert into t_area(id,a_city_id,a_name) values(2776,324,'托克逊县');
insert into t_city(id,c_province_id,c_name) values(325,31,'哈密地区');
insert into t_area(id,a_city_id,a_name) values(2777,325,'哈密市');
insert into t_area(id,a_city_id,a_name) values(2778,325,'巴里坤哈萨克自治县');
insert into t_area(id,a_city_id,a_name) values(2779,325,'伊吾县');
insert into t_city(id,c_province_id,c_name) values(326,31,'昌吉回族自治州');
insert into t_area(id,a_city_id,a_name) values(2780,326,'昌吉市');
insert into t_area(id,a_city_id,a_name) values(2781,326,'阜康市');
insert into t_area(id,a_city_id,a_name) values(2782,326,'呼图壁县');
insert into t_area(id,a_city_id,a_name) values(2783,326,'玛纳斯县');
insert into t_area(id,a_city_id,a_name) values(2784,326,'奇台县');
insert into t_area(id,a_city_id,a_name) values(2785,326,'吉木萨尔县');
insert into t_area(id,a_city_id,a_name) values(2786,326,'木垒哈萨克自治县');
insert into t_city(id,c_province_id,c_name) values(327,31,'博尔塔拉蒙古自治州');
insert into t_area(id,a_city_id,a_name) values(2787,327,'博乐市');
insert into t_area(id,a_city_id,a_name) values(2788,327,'精河县');
insert into t_area(id,a_city_id,a_name) values(2789,327,'温泉县');
insert into t_city(id,c_province_id,c_name) values(328,31,'巴音郭楞蒙古自治州');
insert into t_area(id,a_city_id,a_name) values(2790,328,'库尔勒市');
insert into t_area(id,a_city_id,a_name) values(2791,328,'轮台县');
insert into t_area(id,a_city_id,a_name) values(2792,328,'尉犁县');
insert into t_area(id,a_city_id,a_name) values(2793,328,'若羌县');
insert into t_area(id,a_city_id,a_name) values(2794,328,'且末县');
insert into t_area(id,a_city_id,a_name) values(2795,328,'焉耆回族自治县');
insert into t_area(id,a_city_id,a_name) values(2796,328,'和静县');
insert into t_area(id,a_city_id,a_name) values(2797,328,'和硕县');
insert into t_area(id,a_city_id,a_name) values(2798,328,'博湖县');
insert into t_city(id,c_province_id,c_name) values(329,31,'阿克苏地区');
insert into t_area(id,a_city_id,a_name) values(2799,329,'阿克苏市');
insert into t_area(id,a_city_id,a_name) values(2800,329,'温宿县');
insert into t_area(id,a_city_id,a_name) values(2801,329,'库车县');
insert into t_area(id,a_city_id,a_name) values(2802,329,'沙雅县');
insert into t_area(id,a_city_id,a_name) values(2803,329,'新和县');
insert into t_area(id,a_city_id,a_name) values(2804,329,'拜城县');
insert into t_area(id,a_city_id,a_name) values(2805,329,'乌什县');
insert into t_area(id,a_city_id,a_name) values(2806,329,'阿瓦提县');
insert into t_area(id,a_city_id,a_name) values(2807,329,'柯坪县');
insert into t_city(id,c_province_id,c_name) values(330,31,'克孜勒苏柯尔克孜自治州');
insert into t_area(id,a_city_id,a_name) values(2808,330,'阿图什市');
insert into t_area(id,a_city_id,a_name) values(2809,330,'阿克陶县');
insert into t_area(id,a_city_id,a_name) values(2810,330,'阿合奇县');
insert into t_area(id,a_city_id,a_name) values(2811,330,'乌恰县');
insert into t_city(id,c_province_id,c_name) values(331,31,'喀什地区');
insert into t_area(id,a_city_id,a_name) values(2812,331,'喀什市');
insert into t_area(id,a_city_id,a_name) values(2813,331,'疏附县');
insert into t_area(id,a_city_id,a_name) values(2814,331,'疏勒县');
insert into t_area(id,a_city_id,a_name) values(2815,331,'英吉沙县');
insert into t_area(id,a_city_id,a_name) values(2816,331,'泽普县');
insert into t_area(id,a_city_id,a_name) values(2817,331,'莎车县');
insert into t_area(id,a_city_id,a_name) values(2818,331,'叶城县');
insert into t_area(id,a_city_id,a_name) values(2819,331,'麦盖提县');
insert into t_area(id,a_city_id,a_name) values(2820,331,'岳普湖县');
insert into t_area(id,a_city_id,a_name) values(2821,331,'伽师县');
insert into t_area(id,a_city_id,a_name) values(2822,331,'巴楚县');
insert into t_area(id,a_city_id,a_name) values(2823,331,'塔什库尔干塔吉克自治县');
insert into t_city(id,c_province_id,c_name) values(332,31,'和田地区');
insert into t_area(id,a_city_id,a_name) values(2824,332,'和田市');
insert into t_area(id,a_city_id,a_name) values(2825,332,'和田县');
insert into t_area(id,a_city_id,a_name) values(2826,332,'墨玉县');
insert into t_area(id,a_city_id,a_name) values(2827,332,'皮山县');
insert into t_area(id,a_city_id,a_name) values(2828,332,'洛浦县');
insert into t_area(id,a_city_id,a_name) values(2829,332,'策勒县');
insert into t_area(id,a_city_id,a_name) values(2830,332,'于田县');
insert into t_area(id,a_city_id,a_name) values(2831,332,'民丰县');
insert into t_city(id,c_province_id,c_name) values(333,31,'伊犁哈萨克自治州');
insert into t_area(id,a_city_id,a_name) values(2832,333,'奎屯市');
insert into t_area(id,a_city_id,a_name) values(2833,333,'伊犁地区');
insert into t_area(id,a_city_id,a_name) values(2834,333,'伊宁市');
insert into t_area(id,a_city_id,a_name) values(2835,333,'伊宁县');
insert into t_area(id,a_city_id,a_name) values(2836,333,'察布查尔锡伯自治县');
insert into t_area(id,a_city_id,a_name) values(2837,333,'霍城县');
insert into t_area(id,a_city_id,a_name) values(2838,333,'巩留县');
insert into t_area(id,a_city_id,a_name) values(2839,333,'新源县');
insert into t_area(id,a_city_id,a_name) values(2840,333,'昭苏县');
insert into t_area(id,a_city_id,a_name) values(2841,333,'特克斯县');
insert into t_area(id,a_city_id,a_name) values(2842,333,'尼勒克县');
insert into t_city(id,c_province_id,c_name) values(334,31,'塔城地区');
insert into t_area(id,a_city_id,a_name) values(2843,334,'塔城市');
insert into t_area(id,a_city_id,a_name) values(2844,334,'乌苏市');
insert into t_area(id,a_city_id,a_name) values(2845,334,'额敏县');
insert into t_area(id,a_city_id,a_name) values(2846,334,'沙湾县');
insert into t_area(id,a_city_id,a_name) values(2847,334,'托里县');
insert into t_area(id,a_city_id,a_name) values(2848,334,'裕民县');
insert into t_area(id,a_city_id,a_name) values(2849,334,'和布克赛尔蒙古自治县');
insert into t_city(id,c_province_id,c_name) values(335,31,'阿勒泰地区');
insert into t_area(id,a_city_id,a_name) values(2850,335,'阿勒泰市');
insert into t_area(id,a_city_id,a_name) values(2851,335,'布尔津县');
insert into t_area(id,a_city_id,a_name) values(2852,335,'富蕴县');
insert into t_area(id,a_city_id,a_name) values(2853,335,'福海县');
insert into t_area(id,a_city_id,a_name) values(2854,335,'哈巴河县');
insert into t_area(id,a_city_id,a_name) values(2855,335,'青河县');
insert into t_area(id,a_city_id,a_name) values(2856,335,'吉木乃县');
insert into t_city(id,c_province_id,c_name) values(336,31,'省直辖行政单位');
insert into t_area(id,a_city_id,a_name) values(2857,336,'石河子市');
insert into t_area(id,a_city_id,a_name) values(2858,336,'阿拉尔市');
insert into t_area(id,a_city_id,a_name) values(2859,336,'图木舒克市');
insert into t_area(id,a_city_id,a_name) values(2860,336,'五家渠市');
